233,17,17,3,15,16,3,10,3,18,3,18,2,19,11,4
204,9,12,1,9,8,3,3,2,8,6,11,4,11,5,1
204,15,15,0,14,12,0,10,0,15,5,16,0,16,5,1
206,10,19,1,15,8,3,7,1,10,3,12,1,9,8,1
220,13,22,3,20,14,5,10,5,16,8,22,3,20,6,2
208,17,26,5,25,19,5,9,5,19,7,21,5,21,12,5
210,13,16,3,14,10,3,7,2,13,4,19,3,16,9,2
2244,1817,1904,1868,1813,1844,1937,1813,1728,1714,1741,1682,1772,1619,1689,1741
211,18,24,0,22,17,1,13,1,19,3,22,1,21,8,1
204,14,15,0,15,12,1,8,0,13,8,14,2,14,5,1
212,20,23,3,24,17,3,11,3,18,8,24,4,23,9,3
205,13,19,1,17,13,2,8,1,13,6,20,2,14,7,1
207,15,21,7,16,13,6,6,5,18,4,17,5,17,9,3
219,19,22,4,21,13,4,11,5,20,5,22,5,20,6,6
214,12,20,3,17,10,3,8,2,11,4,14,5,16,3,2
219,14,22,1,20,15,1,10,1,18,7,22,1,24,5,1
650,396,390,399,423,394,404,1852,397,391,395,389,394,412,412,417
207,7,13,9,9,13,12,1271,14,11,15,10,12,13,9,11
200,10,13,18,18,22,15,1348,20,12,18,16,15,16,16,18
195,0,0,0,0,1,2,1261,0,0,0,0,2,0,2,0
216,7,12,13,15,21,13,1292,16,12,19,14,11,14,14,16
198,6,10,7,7,15,9,1329,12,9,12,10,8,6,8,11
196,1,0,2,1,1,2,1312,1,1,0,1,0,0,1,0
203,3,10,7,10,9,7,1194,13,8,11,8,6,11,8,10
190,1,0,0,1,1,1,1165,0,0,0,0,1,0,1,0
201,6,13,9,10,15,12,1191,15,10,13,10,12,13,8,14
190,3,3,2,4,3,4,1222,2,6,3,3,3,5,4,3
200,7,13,11,18,17,17,1193,18,11,19,17,13,16,11,18
190,2,0,0,0,1,2,1200,1,2,1,1,1,1,4,0
212,8,14,8,15,16,14,1132,18,11,17,10,12,15,12,19
207,3,4,7,3,8,7,1163,6,3,5,4,6,1,2,3
202,0,1,0,0,1,1,1186,0,1,0,0,0,1,1,0
44945,44945,44945,45077,44945,28836952521994
29926,29926,29926,30113,29926,28836952521994
28271,28271,28271,28494,28271,28836952521994
25453,25453,25453,25660,25453,28836952521994
34442,34442,34442,34500,34442,28836952521994
41328,41328,41328,41497,41328,28836952521994
56449,56449,56449,56690,56449,28836952521994
114977,114977,114977,116140,114977,28836952521994
21359,21359,21359,21413,21359,28836952521994
19827,19827,19827,19933,19827,28836952521994
22673,22673,22673,22869,22673,28836952521994
38873,38873,38873,39071,38873,28836952521994
12805,12805,12805,12831,12805,28836952521994
15455,15455,15455,15574,15455,28836952521994
17710,17710,17710,17844,17710,28836952521994
19922,19922,19922,20016,19922,28836952521994
4370.595477
3780.133515
590.461961
4748.030482,3473.618201,2707.984256,nan,nan
758.226329,518.351134,554.466523,nan,nan
2.608767
4327.286048
3720.999725
606.286323
4338.938291,3671.398554,2707.984256,nan,nan
825.147159,469.698506,554.466523,nan,nan
0.514754
0.514754
vips
16
0,1,2,3,4,5,6,7,8,9,10,11,12,13,14,15,16
