53,9,5,7,22,4,7,4,6,6,8,5,38,5,43,39
11,5,2,2,2,3,2,2,2,2,2,2,4,2,4,4
3,2,0,0,0,0,0,0,0,0,0,0,2,0,3,2
4,2,0,0,0,0,0,0,0,0,0,0,2,0,1,4
7,3,1,2,1,1,1,1,1,1,1,1,3,1,2,3
7,2,0,0,0,0,0,0,0,0,0,0,2,0,1,2
4,3,1,1,1,1,1,1,1,1,1,1,3,1,2,3
2,2,0,0,0,0,0,0,0,0,0,0,2,0,1,2
6,2,0,0,0,0,0,0,0,0,0,0,2,2,1,2
5,2,0,0,0,1,0,0,0,0,0,0,2,0,1,2
5,2,0,0,0,0,0,0,0,0,0,0,3,0,1,2
2,2,0,0,3,0,0,0,0,0,0,0,2,2,1,2
21,3,1,1,2,1,1,1,1,1,1,1,3,1,2,3
9,2,1,0,1,0,0,0,0,0,0,1,2,0,1,2
7,4,2,2,3,2,2,2,2,2,2,4,4,2,6,4
24,3,2,1,2,1,1,1,1,1,1,1,3,1,2,3
75,14,3,5,10,7,5,4,6,7,7,4,6,11,10,10
15,2,3,2,3,2,2,2,2,2,2,2,3,2,2,3
11,1,0,0,1,0,0,0,0,0,0,0,1,1,0,2
13,1,0,0,2,0,0,0,0,0,0,0,1,0,0,1
30,1,0,0,1,0,0,0,0,0,0,2,2,1,1,2
10,2,0,0,1,0,0,0,0,1,0,0,1,0,0,1
12,1,0,0,1,0,0,0,0,0,0,0,1,0,0,1
10,1,0,0,1,0,0,0,0,0,0,0,1,0,0,1
12,1,0,0,1,0,0,0,0,0,0,0,1,0,0,1
12,1,0,0,1,0,0,0,0,0,0,0,1,0,0,1
14,1,0,0,1,0,0,0,0,0,0,0,1,0,0,1
14,1,0,0,1,0,0,0,0,0,0,0,1,1,2,1
14,2,1,1,2,1,1,1,1,1,2,1,2,1,1,2
13,1,0,0,1,0,0,0,1,0,0,1,1,0,0,1
47,1,2,1,2,1,1,1,1,1,1,1,2,1,3,2
15,2,1,2,2,1,1,1,1,1,1,1,2,1,1,2
1729,1729,1729,1765,1729,31022676136449
813,813,813,906,813,31022676136449
515,515,515,515,515,31022676136449
275,275,275,275,275,31022676136449
1013,1013,1013,1055,1013,31022676136449
356,356,356,356,356,31022676136449
342,342,342,343,342,31022676136449
281,281,281,281,281,31022676136449
762,762,762,792,762,31022676136449
338,338,338,338,338,31022676136449
347,347,347,347,347,31022676136449
335,335,335,335,335,31022676136449
625,625,625,636,625,31022676136449
526,526,526,542,526,31022676136449
593,593,593,612,593,31022676136449
364,364,364,365,364,31022676136449
4661.317902
3841.982384
819.335518
3100.738318,4111.591392,3103.640483,nan,nan
802.934579,692.617663,1520.129909,nan,nan
2.774683
4492.068425
3573.504534
918.563891
2991.468439,4142.726334,3103.640483,nan,nan
776.631229,649.378657,1520.129909,nan,nan
0.003881
0.003881
x264
16
0,1,2,3,4,5,6,7,8,9,10,11,12,13,14,15
