9784,2201,2223,2107,2231,2167,2278,2226,2386,2329,2415,2281,2275,2363,2311,2291
9433,2079,2013,2146,2175,2209,2308,2318,2306,2158,2407,2387,2290,2234,2128,2281
9512,2169,2286,2213,2191,2308,2213,2297,2194,2185,2458,2284,2277,2306,2287,2281
9618,2169,2158,2202,2084,2263,2072,2182,2385,2270,2655,2394,2343,2244,2265,2501
9573,2220,2221,2197,2263,2314,2366,2247,2249,2402,2787,2214,2302,2283,2346,2376
9903,2262,2258,2433,2519,2438,2382,2406,2374,2292,2661,2387,2393,2476,2359,2451
9359,2257,2218,2256,2341,2326,2388,2263,2307,2238,2501,2336,2518,2240,2256,2317
9773,2059,2234,2266,2165,2207,2339,2080,2273,2325,2648,2338,2385,2359,2408,2300
9798,2308,2264,2294,2363,2318,2306,2378,2366,2253,2686,2323,2228,2275,2362,2392
9644,2289,2388,2279,2266,2491,2385,2324,2318,2252,2579,2381,2179,2280,2263,2524
9653,2289,2186,2155,2168,2314,2378,2355,2339,2364,2421,2342,2245,2152,2212,2218
9256,2249,2080,2083,2319,2334,2238,2136,2245,2335,2477,2262,2345,2208,2253,2264
9697,2230,2046,2319,2295,2412,2327,2310,2094,2312,2636,2372,2205,2308,2212,2425
9523,2267,2309,2259,2363,2379,2199,2220,2226,2232,2662,2232,2265,2140,2290,2122
9831,2198,2368,2347,2408,2642,2455,2444,2386,2500,2760,2502,2443,2429,2463,2454
9715,2271,2183,2197,2254,2365,2369,2301,2415,2382,2666,2389,2239,2348,2145,2391
23857,15920,15891,16008,15880,16492,15671,16252,16282,16124,16405,15647,16262,16063,16297,16391
8670,1445,1558,1542,1575,1600,1621,1477,1642,1639,1632,1598,1588,1607,1553,1615
8649,1433,1618,1537,1576,1620,1592,1574,1631,1703,1561,1491,1468,1620,1706,1553
8618,1518,1588,1568,1558,1740,1602,1620,1644,1638,1547,1490,1669,1607,1680,1569
8627,1569,1576,1518,1617,1821,1680,1565,1697,1638,1567,1650,1655,1679,1707,1633
8901,1583,1638,1641,1663,1732,1678,1593,1675,1788,1661,1678,1715,1705,1880,1705
8625,1640,1581,1503,1694,1706,1690,1673,1661,1716,1699,1622,1688,1579,1729,1710
8788,1680,1630,1567,1623,1725,1636,1482,1692,1678,1682,1531,1649,1586,1741,1663
8920,1664,1575,1724,1625,1699,1654,1628,1671,1676,1677,1606,1515,1578,1726,1734
8845,1556,1571,1623,1756,1651,1622,1676,1628,1612,1691,1696,1655,1626,1797,1714
9170,1777,1790,1935,2036,1945,1829,1944,1956,1889,1752,1837,1934,1948,2009,1947
8664,1728,1661,1730,1617,1726,1689,1696,1693,1738,1725,1619,1762,1631,1807,1729
8854,1647,1642,1679,1647,1734,1818,1732,1604,1578,1624,1697,1561,1610,1737,1600
8868,1598,1660,1598,1639,1768,1598,1676,1636,1636,1530,1587,1654,1513,1722,1691
8850,1530,1663,1640,1667,1690,1615,1725,1686,1636,1577,1604,1581,1620,1690,1566
8968,1632,1658,1780,1689,1765,1675,1645,1728,1819,1587,1619,1727,1523,1768,1709
1535196,1535196,1535196,1643451,1535196,73773547670029
1093292,1093292,1093292,1128237,1093292,73773547670029
889082,889082,889082,909362,889082,73773547670029
550502,550502,550502,558119,550502,73773547670029
994925,994925,994925,1043885,994925,73773547670029
866807,866807,866807,889143,866807,73773547670029
830949,830949,830949,852917,830949,73773547670029
655838,655838,655838,669908,655838,73773547670029
835372,835372,835372,871918,835372,73773547670029
828204,828204,828204,848631,828204,73773547670029
812030,812030,812030,832771,812030,73773547670029
619295,619295,619295,631088,619295,73773547670029
523173,523173,523173,532680,523173,73773547670029
633756,633756,633756,647031,633756,73773547670029
610678,610678,610678,624073,610678,73773547670029
435302,435302,435302,440651,435302,73773547670029
4303.206861
3758.770059
544.436802
4329.41637,3656.568276,2713.011779,nan,nan
737.802515,481.050759,544.783294,nan,nan
2.671972
4305.171508
3727.957374
577.214134
3820.507044,3929.091691,2713.011779,nan,nan
774.594335,455.27445,544.783294,nan,nan
5.386928
5.386928
canneal
16
0,1,2,3,4,5,6,7,8,9,10,11,12,13,14,15
