2545,4511,1750,2691,1352,1585,1280,1978,1028,927,1071,1113,1157,1123,1197,1301
3917,7229,4111,5151,3612,4209,3565,3983,3180,3418,3378,2931,3240,3439,3092,3277
2457,5189,2587,3250,1863,1945,1481,2180,1589,1553,1711,1630,1556,1588,1696,1806
2897,5848,2697,3288,2127,2178,1887,2749,2100,1878,1967,2245,1978,1805,2017,2340
1847,5302,2069,2168,1310,1814,1009,1608,1041,1065,1028,1021,1100,1087,1076,1422
1929,5319,1882,2486,1210,1673,988,1821,1000,919,1009,1137,1217,1070,1242,1313
1571,5137,1942,2753,1304,1548,924,1770,1058,880,919,944,1127,1097,1028,1293
2333,4780,1983,3404,1846,1963,1429,2373,1373,1087,1307,1488,1418,1271,1362,1747
1155,4483,1678,2602,1086,1285,991,1860,862,1046,959,990,968,895,775,812
1534,5166,1659,2465,1228,1519,1002,1748,873,732,886,743,858,1051,829,1219
1434,4475,1712,2584,1068,1295,886,1878,827,719,760,983,970,936,948,1191
1781,4065,2205,3129,1480,1682,996,1922,1001,860,1141,947,1058,904,1112,1288
1570,4430,1996,2702,1299,1905,1116,1697,1023,855,959,852,1037,992,964,1255
1576,4566,1677,2455,1182,1310,912,1619,899,441,840,1102,1017,994,908,1230
2162,3979,2142,3005,1507,1640,1013,2020,1026,865,1079,978,1146,1164,1106,1367
1770,4158,1599,2825,1136,1628,933,2002,1038,998,954,988,1081,966,983,1144
4441,2418,2250,2542,1963,2601,1602,2207,1333,1631,1498,2028,1766,1898,2279,2141
1971,1897,1716,1868,2007,1846,1668,2052,1873,1834,1843,1894,1613,1702,1567,1676
1784,2092,1037,1822,1880,1739,1741,1767,1508,1587,1670,1883,1726,1564,1833,1591
1789,1737,1517,1216,1079,1368,1466,1699,1362,1270,1334,1638,1357,1438,1577,1456
1483,1629,1438,1541,964,1190,1278,1604,1081,1319,1218,1590,1174,1260,1407,1103
1792,1843,1417,1378,1512,1018,1371,1458,1135,1259,1085,1281,1558,1222,1394,1400
1265,1382,1268,1251,1009,1034,655,1176,1055,1068,1030,1014,1172,993,1123,996
1461,1548,1256,1622,1105,1124,1145,1069,1131,1236,1550,1319,1077,1038,1212,1226
1227,1409,1219,1446,1121,1047,1169,1162,743,1059,952,1317,1062,1012,1643,1183
1035,1314,1165,1351,1024,899,941,942,1171,530,898,1213,870,526,921,929
1240,1697,1451,1595,1203,1046,1260,1232,1224,1275,664,1426,1088,937,1218,1071
1482,1619,1086,1571,1043,986,998,1182,1064,812,836,694,886,1076,1262,1067
1450,1683,1437,1309,1158,1306,1204,1209,965,1041,1079,1135,748,1110,1152,1185
1313,1377,1066,1263,1102,1052,1047,1030,839,1009,877,963,1343,695,1032,1289
1532,1593,1174,1508,1077,1199,1236,1094,848,879,987,1014,1169,1134,823,1260
1509,1681,1433,1534,1298,1379,1147,1332,802,1066,1077,1285,1448,1144,1312,797
350575,350575,350575,362098,350575,27256829654549
562547,562547,562547,592336,562547,27256829654549
479057,479057,479057,499618,479057,27256829654549
344662,344662,344662,354813,344662,27256829654549
382895,382895,382895,396529,382895,27256829654549
529934,529934,529934,559913,529934,27256829654549
469174,469174,469174,491307,469174,27256829654549
410787,410787,410787,428900,410787,27256829654549
342120,342120,342120,354380,342120,27256829654549
454550,454550,454550,481518,454550,27256829654549
446458,446458,446458,467341,446458,27256829654549
365908,365908,365908,383047,365908,27256829654549
247599,247599,247599,254551,247599,27256829654549
340968,340968,340968,362500,340968,27256829654549
350053,350053,350053,365988,350053,27256829654549
254016,254016,254016,262354,254016,27256829654549
4486.772492
3755.698883
731.073609
3334.466134,4009.346434,2781.736295,nan,nan
741.278107,777.349036,416.901736,nan,nan
2.562468
4199.876277
3552.422777
647.4535
3010.783708,4417.359172,2781.736295,nan,nan
746.313305,703.536519,416.901736,nan,nan
2.700138
2.700138
streamcluster
16
0,1,2,3,4,5,6,7,8,9,10,11,12,13,14,15
