9698,2705,2822,3181,2996,2855,2837,2837,3002,2782,3009,2885,2869,2947,2892,2986
6606,37,188,243,232,199,185,157,114,189,218,123,99,294,222,236
10982,4406,4490,4601,4467,4625,4464,4454,4445,4508,4536,4408,4543,4564,4463,4808
9060,2120,2254,2414,2455,2373,2149,2156,2224,2191,2373,2131,2361,2414,2446,2511
10195,3685,3781,3809,3832,3855,3781,3824,3742,3711,3806,3637,3710,3860,3806,3857
11010,4264,4446,4550,4551,4520,4555,4456,4538,4434,4493,4440,4487,4502,4516,4641
7619,1083,1210,1291,1240,1287,1170,1710,1455,1149,1167,985,1150,1308,1213,1267
10062,3678,3739,3825,3887,3873,3819,3718,3736,3762,3925,3765,3726,3825,3763,3933
9651,3126,3151,3390,3392,3327,3241,3255,3283,3309,3410,3219,3282,3467,3338,3372
6936,407,555,599,557,566,513,455,428,483,551,428,417,630,552,634
6964,496,636,756,660,628,550,553,529,561,619,509,528,701,650,728
8953,2550,2715,2726,2778,2730,2635,2651,2626,2673,2732,2545,2634,2760,2614,2821
9900,3412,3457,3548,3604,3630,3515,3566,3449,3482,3593,3468,3511,3555,3541,3669
10890,4414,4483,4715,4651,4684,4583,4576,4546,4664,4691,4574,4637,4731,4731,4743
11344,4718,4767,4978,4841,4863,4841,4741,4886,4854,4840,4687,4923,4986,4950,5050
11309,4569,4713,4693,4673,4850,4636,4561,4633,4628,4856,4604,4550,4710,4691,4801
22236,13087,16055,14792,15549,16214,13582,15259,14953,13121,13083,14356,15166,15832,16282,16318
8356,29,3175,1467,2640,3074,768,2541,2121,282,357,1735,2339,3012,3218,3133
8360,184,3264,1625,2782,3292,902,2637,2181,439,495,1914,2421,3142,3354,3300
8722,230,3376,1735,2823,3321,978,2708,2488,500,637,1990,2506,3257,3473,3251
8533,223,3304,1823,2802,3392,923,2743,2363,456,535,1974,2533,3246,3363,3250
8475,195,3403,1717,2870,3295,952,2717,2313,446,502,1934,2543,3267,3424,3371
8338,183,3259,1572,2740,3324,863,2688,2247,405,438,1851,2454,3155,3359,3222
8343,155,3257,1560,2782,3259,1225,2612,2256,357,441,1863,2492,3172,3311,3176
8429,109,3254,1593,2704,3307,1042,2615,2255,318,403,1817,2513,3116,3404,3176
8292,176,3289,1605,2694,3222,859,2627,2281,382,470,1884,2422,3216,3356,3192
8438,207,3317,1705,2788,3283,877,2784,2370,469,501,1940,2528,3240,3371,3342
8246,110,3220,1542,2669,3285,710,2619,2209,353,423,1765,2403,3156,3329,3171
8350,97,3300,1679,2672,3246,830,2738,2253,316,397,1825,2431,3175,3395,3125
8482,289,3412,1790,2859,3324,997,2731,2437,524,589,1978,2536,3302,4295,4215
8490,213,3321,1751,2780,3308,899,2652,2316,448,522,1887,2479,3554,3454,3503
8648,230,3553,1829,2840,3388,956,2781,2352,508,584,1995,2577,4107,3761,3364
1618312,1618312,1618312,1732718,1618312,72479884639030
1054861,1054861,1054861,1094585,1054861,72479884639030
1058183,1058183,1058183,1100337,1058183,72479884639030
615010,615010,615010,626449,615010,72479884639030
1223069,1223069,1223069,1305834,1223069,72479884639030
1057163,1057163,1057163,1108816,1057163,72479884639030
978598,978598,978598,1018866,978598,72479884639030
828984,828984,828984,858473,828984,72479884639030
1011472,1011472,1011472,1073113,1011472,72479884639030
879823,879823,879823,912147,879823,72479884639030
870912,870912,870912,905320,870912,72479884639030
765857,765857,765857,789719,765857,72479884639030
685242,685242,685242,706059,685242,72479884639030
919720,919720,919720,960524,919720,72479884639030
906566,906566,906566,949129,906566,72479884639030
655163,655163,655163,674805,655163,72479884639030
4436.810384
3856.005991
580.804393
4372.233068,3777.881356,2757.736722,nan,nan
784.900649,516.879293,519.448628,nan,nan
2.683783
4405.689942
3806.275202
599.41474
3845.772164,4088.965098,2757.736722,nan,nan
811.03225,471.079111,519.448628,nan,nan
6.405529
6.405529
vips
16
0,1,2,3,4,5,6,7,8,9,10,11,12,13,14,15
