15361,2693,2668,2671,2719,2715,2702,2720,2673,2677,2643,2663,2715,2703,2697,2710
12731,46,39,42,42,45,34,38,43,43,38,32,35,42,48,40
15382,2750,2739,2728,2733,2743,2744,2745,2747,2737,2701,2713,2715,2729,2736,2777
15368,2674,2663,2657,2658,2647,2655,2642,2638,2646,2639,2631,2659,2652,2656,2662
15418,2764,2748,2744,2740,2756,2738,2757,2756,2753,2739,2770,2752,2756,2741,2767
15412,2755,2749,2783,2785,2793,2765,2749,2739,2725,2752,2732,2787,2744,2748,2748
15260,2676,2685,2659,2674,2690,2650,2651,2640,2653,2667,2653,2651,2652,2674,2659
15322,2651,2628,2658,2605,2622,2621,2639,2638,2650,2612,2623,2593,2599,2632,2624
15337,2729,2678,2700,2696,2741,2720,2706,2715,2701,2690,2721,2674,2722,2713,2737
15357,2698,2713,2706,2741,2761,2668,2709,2706,2683,2696,2686,2747,2759,2675,2741
15375,2751,2779,2811,2748,2755,2730,2758,2744,2744,2753,2777,2746,2734,2733,2787
15314,2729,2710,2710,2690,2745,2707,2709,2690,2698,2692,2692,2719,2722,2720,2708
15343,2653,2628,2668,2700,2714,2667,2657,2649,2628,2632,2644,2686,2694,2676,2682
15388,2679,2671,2703,2702,2703,2665,2716,2684,2678,2679,2673,2678,2686,2678,2722
15320,2612,2617,2615,2623,2620,2582,2594,2603,2620,2639,2606,2604,2647,2608,2630
15434,2704,2699,2719,2730,2697,2698,2726,2717,2692,2694,2735,2717,2716,2709,2736
39846,25396,27092,27143,27159,27146,26968,27104,27058,27087,27037,27025,27101,27163,27098,27200
14489,35,1841,1798,1854,1849,1794,1779,1833,1812,1846,1829,1779,1798,1750,1814
14384,34,1832,1789,1845,1846,1803,1766,1798,1821,1865,1817,1764,1791,1755,1812
14453,36,1828,1782,1841,1866,1784,1783,1811,1815,1885,1816,1789,1811,1752,1823
14472,37,1832,1782,1840,1870,1796,1750,1810,1840,1846,1804,1812,1812,1760,1832
14465,37,1841,1777,1854,1878,1809,1763,1842,1855,1853,1841,1824,1816,1759,1812
14399,31,1841,1782,1839,1857,1780,1761,1826,1791,1833,1815,1790,1786,1732,1811
14476,34,1838,1773,1851,1846,1780,1773,1816,1818,1851,1816,1783,1821,1740,1829
14405,37,1842,1767,1849,1837,1772,1771,1821,1817,1842,1802,1776,1799,1744,1822
14425,38,1836,1774,1847,1828,1781,1779,1811,1800,1841,1808,1762,1796,1756,1806
14350,33,1811,1768,1838,1846,1791,1754,1805,1809,1847,1805,1766,1795,1769,1808
14388,27,1819,1762,1859,1833,1779,1760,1825,1801,1863,1802,1773,1791,1746,1836
14460,31,1815,1783,1846,1870,1779,1741,1793,1842,1842,1821,1801,1795,1745,1822
14479,36,1830,1777,1848,1840,1779,1744,1824,1848,1834,1823,1806,1800,1773,1821
14460,33,1833,1779,1836,1841,1792,1764,1817,1793,1831,1820,1792,1793,1745,1815
14486,34,1857,1783,1857,1844,1786,1762,1836,1840,1870,1814,1799,1825,1763,1836
1981099,1981099,1981099,2204821,1981099,38140140904148
1332921,1332921,1332921,1371782,1332921,38140140904148
1098918,1098918,1098918,1123177,1098918,38140140904148
648451,648451,648451,657924,648451,38140140904148
1021519,1021519,1021519,1063147,1021519,38140140904148
846242,846242,846242,867546,846242,38140140904148
865451,865451,865451,886327,865451,38140140904148
707624,707624,707624,722230,707624,38140140904148
833983,833983,833983,866498,833983,38140140904148
791133,791133,791133,806922,791133,38140140904148
793579,793579,793579,809279,793579,38140140904148
636761,636761,636761,645776,636761,38140140904148
514105,514105,514105,522168,514105,38140140904148
604869,604869,604869,615783,604869,38140140904148
583937,583937,583937,594625,583937,38140140904148
431935,431935,431935,436115,431935,38140140904148
3916.900685
3460.266007
456.634677
3263.926413,3571.323415,2676.461046,nan,nan
771.197659,382.944278,389.25591,nan,nan
2.724665
3918.204154
3386.419769
531.784385
3074.622466,3724.229705,2676.461046,nan,nan
780.676156,410.412716,389.25591,nan,nan
5.783773
5.783773
facesim
16
0,2,3,4,5,6,7,8,9,10,11,12,13,14,15
