1506,1133,1025,1141,1098,1146,1098,1006,1140,1040,1114,1044,1120,1022,1100,1143
1695,1398,1284,1371,1335,1410,1277,1294,1231,1317,1223,1214,1353,1235,1416,1323
1653,1488,1478,1484,1497,1618,1457,1425,1429,1403,1416,1339,1435,1354,1399,1396
1538,1085,992,1090,1093,1124,1085,1015,1061,1014,1218,1074,1166,1037,1108,1128
102,43,70,44,10,100,97,7,47,51,66,31,43,79,33,33
1800,1662,1655,1721,1686,1907,1720,1624,1570,1652,1606,1612,1734,1553,1668,1639
1900,1701,1590,1708,1760,1854,1683,1607,1590,1553,1552,1514,1709,1503,1598,1598
64,18,16,9,3,25,23,0,5,10,12,15,14,16,17,17
1630,1449,1299,1401,1319,1453,1217,1208,1214,1183,1230,1222,1336,1257,1340,1388
1516,1174,1157,1137,1229,1316,1127,1168,1122,1059,1151,1095,1120,1070,1106,1175
2730,2443,2360,2425,2437,2586,2457,2491,2413,2343,2475,2364,2467,2440,2378,2369
1528,1394,1149,1308,1289,1430,1198,1193,1255,1337,1284,1200,1319,1241,1222,1264
1348,1106,1055,1149,1112,1207,1040,1059,1035,1048,1092,976,1042,1031,988,1048
1633,1346,1292,1332,1352,1556,1361,1280,1308,1390,1317,1294,1404,1202,1292,1270
1847,1563,1415,1515,1441,1526,1419,1402,1478,1465,1456,1415,1448,1360,1360,1488
1447,1195,1094,1184,1157,1258,1086,1075,1119,1142,1150,1188,1143,1027,1145,1205
1794,1565,1490,1433,134,1662,1704,102,1448,1388,2170,1407,1257,1554,1763,1372
1057,1235,1343,952,20,1488,1526,9,1310,1040,1949,1271,981,1273,1394,1081
938,1159,1314,883,30,1553,1469,8,1164,1058,1869,1058,944,1180,1278,992
1099,1243,1346,939,23,1565,1545,6,1274,1044,1934,1169,1046,1235,1384,1085
1032,1165,1281,953,8,1437,1477,2,1165,1059,1899,1160,974,1172,1312,1034
1047,1270,1434,1013,48,1544,1651,9,1319,1138,2044,1262,1047,1356,1372,1106
990,1158,1316,944,47,1518,1399,8,1120,1011,1970,1120,900,1207,1240,980
947,1155,1267,910,5,1444,1420,0,1126,1032,1940,1078,954,1152,1272,967
1021,1132,1294,969,27,1430,1457,4,1128,1009,1946,1147,926,1249,1318,1008
968,1186,1292,926,22,1519,1423,2,1125,962,1879,1197,972,1251,1334,1035
984,1135,1311,1106,32,1482,1470,6,1166,1065,1925,1189,986,1213,1323,1060
973,1122,1228,920,12,1428,1412,11,1142,966,1882,1091,884,1238,1269,1045
1045,1192,1271,1047,15,1503,1493,8,1172,1009,1956,1190,936,1240,1311,1053
970,1134,1251,936,38,1380,1377,7,1200,998,1944,1159,911,1086,1210,949
1039,1200,1184,975,17,1397,1383,14,1169,962,1871,1081,894,1121,1190,981
1077,1206,1263,993,18,1446,1445,7,1235,1043,1856,1121,956,1172,1317,1062
260584,260584,260584,264470,260584,27728616259387
385945,385945,385945,397983,385945,27728616259387
392176,392176,392176,404074,392176,27728616259387
241069,241069,241069,244413,241069,27728616259387
268925,268925,268925,274213,268925,27728616259387
485875,485875,485875,501830,485875,27728616259387
501383,501383,501383,519983,501383,27728616259387
261560,261560,261560,266989,261560,27728616259387
336453,336453,336453,342919,336453,27728616259387
488477,488477,488477,503923,488477,27728616259387
551426,551426,551426,576740,551426,27728616259387
332264,332264,332264,338716,332264,27728616259387
236432,236432,236432,239593,236432,27728616259387
366041,366041,366041,376680,366041,27728616259387
379449,379449,379449,390423,379449,27728616259387
239163,239163,239163,242692,239163,27728616259387
4215.120019
3550.319564
664.800455
3658.878775,3550.770173,2628.472251,nan,nan
714.566029,660.236598,381.320838,nan,nan
2.458665
4321.50503
3669.213487
652.291542
3185.026691,4299.561324,2628.472251,nan,nan
718.315499,629.636743,381.320838,nan,nan
2.458581
2.458581
bodytrack
16
0,1,2,3,4,5,6,7,8,9,10,11,12,13,14,15
