6032,2437,2149,2952,2900,3696,2087,4058,2547,5558,6418,3246,2615,2815,3201,3497
3910,2133,2386,2734,2613,3630,2032,3276,2003,4174,7459,3418,2579,2432,2855,2707
3378,2145,2032,2478,2346,3141,1987,3249,1585,3376,7942,3439,2301,2134,2112,3021
4926,2776,2080,2377,2791,3695,2538,3483,1991,4144,8001,3542,2704,2892,2500,3219
4452,2640,3272,2972,2880,4077,2395,3184,2081,4501,7704,3010,2587,2414,2559,2619
4839,3060,2949,2878,2845,4638,2534,3790,2515,5224,8257,3571,2899,2589,2643,3067
3910,2273,2741,3818,3394,3946,2250,3580,2156,4638,7809,2919,2560,3013,2752,3381
5241,2797,3058,3635,3393,4148,2636,3619,2323,4894,8737,3657,2627,3105,2706,3620
4190,2250,2164,2626,2729,3424,1910,3078,1680,3678,8196,2998,2308,2204,2084,2390
5008,3536,3329,3761,3775,4938,3471,4810,2977,6379,9164,4956,3367,3997,3677,3838
7326,6435,6227,6591,6419,6985,5773,7785,5843,7927,11535,6742,5650,6110,5458,6532
4600,3770,3533,3086,3574,4352,2781,4267,3262,5680,8385,4093,2986,3485,3079,3363
4272,2604,2763,2609,2731,3917,2251,3260,2361,4426,7407,3436,2599,2664,3061,3209
3535,1976,1748,2282,2160,2929,1699,3068,1692,4498,8050,3000,2080,2267,2091,2582
3997,2547,2170,2610,2809,3947,2116,3141,1868,4544,7606,3540,2613,2521,2244,3026
3857,2431,2344,2125,2305,3459,1857,2929,1870,4265,7964,3304,2586,2385,2471,2822
10133,4353,4027,5312,5112,5803,4133,5563,3926,3997,5131,4252,4555,4035,4441,4204
2986,1451,1864,2553,2369,2626,2033,2375,2134,2418,3205,2595,2259,1952,2183,2333
3011,2218,1651,2401,2957,2961,2682,2705,2247,2715,3013,2715,2680,2005,2381,2330
3440,2459,2420,1855,2790,2741,3124,3127,2496,2762,3319,2390,2375,2150,2361,2282
3766,2536,2379,2861,2321,2820,3201,3089,2759,2774,3583,2786,2731,2312,2809,2418
4396,3008,2628,3176,3445,3057,3376,3266,3036,3245,3411,3265,3237,2522,3183,2973
2285,2050,1923,2429,2344,2375,1736,2263,1901,2570,3084,2254,2282,1866,2140,1848
3784,2404,2303,2718,2346,2721,2680,1909,2361,2879,3428,2687,2396,2322,2309,2181
2873,2151,1886,2273,2298,2818,2414,2400,1487,2481,2853,2768,2436,2007,2101,2169
3284,2483,1969,2518,2587,2976,2771,2698,2162,2748,3326,2819,2704,2442,2678,2545
3671,3970,3286,4170,4195,3879,3865,3727,3476,4382,3872,3604,4069,3819,3810,3632
3053,2901,2876,2733,2571,3044,2738,2553,2500,3327,3453,1940,2949,2467,3038,2704
2974,2486,2306,2535,2538,2716,2472,2361,2223,2594,3005,2263,1992,2048,2310,2581
3369,2303,2088,2689,2277,2518,2784,2642,2133,2745,3077,2506,2505,1708,2384,2268
3597,2633,2265,2558,2704,2639,2795,2550,2181,2797,3086,2443,2700,2198,1841,2497
3842,2641,2739,3122,2583,2827,2958,2965,2231,2802,3269,2630,2811,2467,2921,2161
742965,742965,742965,770781,742965,27128639268565
836907,836907,836907,889232,836907,27128639268565
814480,814480,814480,852682,814480,27128639268565
587010,587010,587010,605945,587010,27128639268565
840001,840001,840001,876645,840001,27128639268565
1078586,1078586,1078586,1147551,1078586,27128639268565
1038728,1038728,1038728,1091851,1038728,27128639268565
806805,806805,806805,846204,806805,27128639268565
785313,785313,785313,818303,785313,27128639268565
1098562,1098562,1098562,1164100,1098562,27128639268565
1257905,1257905,1257905,1319827,1257905,27128639268565
826447,826447,826447,863430,826447,27128639268565
555663,555663,555663,571373,555663,27128639268565
745948,745948,745948,792511,745948,27128639268565
782147,782147,782147,819157,782147,27128639268565
551908,551908,551908,570776,551908,27128639268565
4406.872043
3683.763432
723.108611
3291.26435,3906.542559,2603.533137,nan,nan
733.808972,755.014005,425.390577,nan,nan
2.477669
4187.376216
3530.551689
656.824527
2963.569077,4417.484287,2603.533137,nan,nan
740.262105,692.155004,425.390577,nan,nan
5.723589
5.723589
streamcluster
16
0,1,2,3,4,5,6,7,8,9,10,11,12,13,14,15
