44,2,6,9,8,8,15,4,5,6,9,9,7,15,19,6
2,0,1,1,1,3,2,1,2,1,2,2,2,1,3,1
9,2,0,0,1,2,0,0,0,0,0,0,2,0,4,2
14,1,0,0,1,0,0,0,0,0,0,0,2,0,3,2
8,1,0,1,0,1,3,0,0,0,1,0,2,1,3,3
13,3,4,1,0,3,1,0,2,0,2,1,4,1,4,4
78,12,13,28,53,19,12,9,22,13,21,4,48,8,58,51
3,1,0,0,0,0,0,0,0,0,0,0,2,0,1,2
9,3,1,1,3,2,1,1,0,0,3,3,8,1,4,4
9,1,0,1,0,2,0,0,0,0,0,0,2,0,3,3
7,1,0,0,0,2,1,0,1,0,0,0,2,0,2,2
43,4,4,0,14,6,3,0,6,2,2,0,28,0,40,33
8,5,1,3,1,4,17,1,7,1,1,4,4,12,20,5
11,1,0,0,1,0,0,0,0,0,0,0,2,0,3,2
17,1,3,4,6,2,9,4,2,3,5,4,5,9,13,4
47,4,7,4,17,4,18,1,7,3,4,9,28,13,54,34
80,3,8,8,13,11,63,3,7,9,5,34,6,9,14,39
2,0,0,1,1,1,11,1,1,1,1,3,2,1,1,3
8,0,0,1,0,1,15,0,0,0,0,5,1,0,0,6
10,0,2,0,0,1,28,0,0,1,0,3,1,0,0,5
11,0,1,1,0,0,49,0,1,0,0,15,1,1,2,19
12,1,1,0,1,2,20,0,0,1,1,1,1,0,1,9
12,1,2,2,5,2,12,0,10,4,2,14,5,2,3,12
5,0,0,0,0,0,11,0,0,0,0,2,1,0,1,3
8,0,0,0,0,1,29,0,0,0,1,7,2,0,1,4
10,0,0,0,0,0,13,0,0,0,0,5,1,0,2,2
8,0,0,0,0,1,19,0,1,0,0,9,1,0,1,7
9,1,0,0,0,0,3,0,1,0,0,0,10,2,2,13
8,0,1,1,1,1,25,1,2,1,1,25,1,1,3,22
9,0,2,2,2,5,16,2,2,4,2,7,3,0,0,7
14,1,3,4,4,13,59,3,4,6,4,37,7,4,3,43
8,0,1,1,2,1,31,1,1,2,1,23,2,1,1,22
1897,1897,1897,1913,1897,30085781509706
1255,1255,1255,1343,1255,30085781509706
1304,1304,1304,1316,1304,30085781509706
707,707,707,708,707,30085781509706
1289,1289,1289,1293,1289,30085781509706
1275,1275,1275,1278,1275,30085781509706
2916,2916,2916,3377,2916,30085781509706
903,903,903,1078,903,30085781509706
928,928,928,930,928,30085781509706
824,824,824,825,824,30085781509706
1614,1614,1614,1623,1614,30085781509706
1568,1568,1568,1668,1568,30085781509706
926,926,926,926,926,30085781509706
931,931,931,932,931,30085781509706
1931,1931,1931,2142,1931,30085781509706
1772,1772,1772,1845,1772,30085781509706
4543.449222
3746.076368
797.372854
3109.632353,3977.742636,2997.528571,nan,nan
866.779412,786.713395,771.185714,nan,nan
2.536018
4327.113982
3562.215929
764.898053
2882.145833,4270.956424,2997.528571,nan,nan
830.1875,719.540195,771.185714,nan,nan
0.009415
0.009415
dedup
16
0,1,2,3,4,5,6,7,8,9,10,11,12,13,14,15
