15692,2625,2576,2612,2582,2597,2584,2595,2592,2588,2571,2573,2575,2578,2587,2639
15564,2514,2490,2462,2466,2486,2489,2486,2499,2467,2463,2460,2471,2481,2505,2530
15631,2673,2625,2629,2619,2634,2617,2640,2641,2627,2625,2624,2640,2643,2611,2689
15632,2622,2603,2626,2633,2626,2617,2597,2593,2579,2601,2577,2633,2600,2591,2602
15705,2670,2632,2631,2611,2601,2607,2587,2601,2614,2605,2594,2618,2607,2638,2622
15633,2586,2560,2589,2579,2560,2571,2592,2564,2571,2556,2581,2592,2575,2575,2591
15647,2685,2677,2679,2725,2738,2679,2672,2680,2652,2660,2661,2703,2723,2689,2691
15673,2619,2597,2603,2596,2607,2561,2575,2598,2607,2596,2592,2573,2624,2584,2635
15644,2621,2602,2610,2592,2618,2619,2617,2628,2600,2572,2568,2590,2616,2615,2619
15603,2628,2616,2633,2625,2601,2556,2606,2575,2549,2573,2587,2568,2562,2547,2641
15611,2670,2607,2637,2631,2683,2645,2621,2658,2633,2596,2649,2595,2640,2635,2715
15624,2584,2608,2613,2617,2639,2549,2601,2620,2585,2612,2607,2644,2662,2564,2676
15595,2595,2570,2571,2557,2583,2564,2557,2555,2553,2572,2560,2546,2566,2573,2621
15617,2599,2551,2586,2650,2647,2617,2624,2590,2569,2540,2562,2639,2621,2610,2662
15711,2671,2614,2638,2585,2617,2627,2642,2639,2649,2616,2618,2582,2623,2644,2676
15711,2671,2628,2621,2603,2670,2618,2642,2636,2634,2628,2621,2645,2648,2640,2631
40959,27792,27743,27805,27830,27796,27719,27836,27763,27731,27705,27751,27761,27814,27880,27902
14815,1690,1800,1769,1796,1743,1811,1763,1767,1775,1800,1733,1749,1749,1797,1799
14709,1669,1763,1748,1768,1719,1800,1743,1748,1756,1752,1748,1726,1713,1753,1767
14782,1652,1764,1762,1766,1737,1800,1746,1752,1767,1771,1750,1726,1735,1768,1761
14743,1657,1758,1767,1753,1732,1831,1742,1740,1762,1768,1753,1717,1778,1734,1750
14765,1673,1772,1766,1749,1722,1843,1751,1760,1750,1804,1769,1737,1778,1757,1797
14690,1672,1759,1758,1752,1728,1802,1720,1760,1717,1778,1709,1723,1758,1763,1761
14770,1671,1773,1744,1737,1741,1796,1728,1757,1749,1762,1742,1717,1761,1772,1776
14731,1682,1772,1743,1747,1722,1803,1746,1766,1733,1791,1759,1719,1744,1773,1773
14730,1658,1764,1732,1755,1724,1783,1749,1745,1710,1771,1732,1713,1725,1776,1771
14689,1654,1763,1746,1749,1716,1788,1742,1727,1727,1745,1750,1726,1706,1754,1767
14719,1648,1759,1727,1739,1730,1786,1737,1721,1734,1777,1744,1715,1718,1753,1759
14738,1655,1772,1767,1757,1739,1816,1726,1738,1722,1743,1770,1708,1771,1730,1777
14771,1666,1774,1744,1749,1727,1829,1760,1755,1717,1773,1783,1721,1759,1757,1779
14780,1679,1751,1737,1768,1726,1804,1731,1753,1707,1768,1715,1724,1751,1771,1772
14825,1691,1806,1747,1760,1740,1809,1778,1759,1770,1836,1806,1771,1801,1806,1768
2035407,2035407,2035407,2278133,2035407,39850970096718
1473286,1473286,1473286,1524020,1473286,39850970096718
1136895,1136895,1136895,1161300,1136895,39850970096718
666059,666059,666059,675747,666059,39850970096718
1033648,1033648,1033648,1077022,1033648,39850970096718
901891,901891,901891,923846,901891,39850970096718
878708,878708,878708,900163,878708,39850970096718
717595,717595,717595,732207,717595,39850970096718
839761,839761,839761,872853,839761,39850970096718
822751,822751,822751,839741,822751,39850970096718
798507,798507,798507,813790,798507,39850970096718
639355,639355,639355,648416,639355,39850970096718
516411,516411,516411,524051,516411,39850970096718
618601,618601,618601,630172,618601,39850970096718
592386,592386,592386,603308,592386,39850970096718
434979,434979,434979,439138,434979,39850970096718
3926.85287
3468.805241
458.047629
3268.491518,3581.349877,2679.102381,nan,nan
771.373729,384.057105,399.179904,nan,nan
2.726234
3927.166784
3393.750081
533.416703
3078.300733,3734.725398,2679.102381,nan,nan
780.87083,411.329863,399.179904,nan,nan
5.957995
5.957995
facesim
16
0,1,2,3,4,5,6,7,8,9,10,11,12,13,14,15
