74,27,30,36,33,31,23,20,32,33,22,20,25,26,24,31
28,18,7,14,12,13,6,9,15,18,11,4,12,11,15,12
22,13,5,9,13,12,3,6,10,15,10,2,11,13,8,11
30,14,6,8,10,13,4,6,12,17,10,2,9,16,11,8
25,16,8,15,11,19,4,6,13,15,12,9,10,12,10,11
26,17,8,16,8,12,4,6,15,13,9,4,10,13,10,12
22,10,5,12,15,8,8,9,11,14,10,4,12,11,9,6
23,15,6,12,14,14,4,6,10,15,8,2,11,13,12,11
17,19,6,8,9,17,6,6,10,18,8,4,10,12,9,9
15,1,0,2,3,2,0,1,0,3,1,2,3,2,8,2
4,3,0,0,0,2,0,0,0,2,0,0,0,4,1,4
13,1,0,0,2,1,0,0,0,1,1,0,0,3,2,2
15,1,0,0,3,0,0,1,2,3,1,0,0,3,3,3
20,2,1,0,3,3,1,1,1,4,2,3,3,3,5,2
21,5,3,4,1,3,3,4,4,7,1,5,4,6,5,6
28,4,2,4,0,2,1,1,1,1,1,1,5,1,4,3
133,30,16,29,28,33,20,20,22,21,3,15,18,32,28,44
30,12,11,12,13,14,9,13,16,1,2,1,1,2,3,4
28,6,5,7,7,7,5,6,6,0,0,0,0,1,2,2
38,12,9,8,14,13,10,11,7,1,0,0,0,0,3,3
39,11,12,10,10,8,13,12,9,2,0,1,2,2,0,0
38,11,11,12,16,11,8,13,15,1,1,1,0,2,2,1
24,5,3,4,4,4,7,4,5,0,0,0,0,1,1,1
23,7,6,6,6,6,8,6,6,1,0,0,1,1,3,1
36,13,10,12,11,13,11,10,10,0,0,0,1,1,3,1
39,16,14,16,14,12,13,14,16,2,1,1,2,2,5,1
23,10,10,10,12,9,10,8,8,1,0,1,1,2,0,1
23,3,2,2,7,4,3,2,4,1,0,0,0,2,3,1
30,10,10,9,10,10,11,10,10,2,0,0,0,2,3,4
38,10,11,13,11,12,11,12,11,2,2,2,2,2,3,1
32,10,8,9,9,9,8,10,8,5,1,2,2,4,4,3
47,9,9,8,9,10,5,8,8,1,2,1,2,1,4,2
4948,4948,4948,5021,4948,33013763629826
3898,3898,3898,3998,3898,33013763629826
2991,2991,2991,3043,2991,33013763629826
2152,2152,2152,2193,2152,33013763629826
3857,3857,3857,4000,3857,33013763629826
3563,3563,3563,3618,3563,33013763629826
2788,2788,2788,2814,2788,33013763629826
2333,2333,2333,2384,2333,33013763629826
3165,3165,3165,3229,3165,33013763629826
2767,2767,2767,2769,2767,33013763629826
2111,2111,2111,2116,2111,33013763629826
1519,1519,1519,1526,1519,33013763629826
1649,1649,1649,1656,1649,33013763629826
2182,2182,2182,2186,2182,33013763629826
1924,1924,1924,1932,1924,33013763629826
1348,1348,1348,1349,1348,33013763629826
4079.894168
3448.47142
631.422747
3396.091603,3493.57276,2791.384615,nan,nan
693.167462,611.969498,744.230769,nan,nan
2.593893
4219.881776
3572.303368
647.578407
3034.084091,4162.351472,2791.384615,nan,nan
694.569886,589.953613,744.230769,nan,nan
0.018386
0.018386
x264
16
0,1,2,3,4,5,6,7,8,9,10,11,12,13,14,15
