1059,22,16,27,21,23,14,21,25,20,15,13,16,21,22,19
1007,18,14,19,14,15,10,12,12,16,11,11,13,19,19,19
957,12,5,12,8,11,3,5,5,11,7,5,7,11,15,12
1061,26,22,29,68,23,21,24,24,28,23,18,60,29,119,81
989,14,8,17,11,13,8,8,8,12,6,7,9,14,14,16
3770,2772,2763,2761,2770,2767,2759,2764,2753,2764,2756,2747,2757,2761,2759,2773
951,11,5,12,8,13,3,5,5,9,5,4,6,11,12,10
970,12,6,13,10,13,4,6,6,12,6,7,7,12,13,13
972,14,9,14,9,16,5,7,8,11,6,6,10,15,14,15
979,16,9,16,13,15,7,10,10,13,7,8,10,16,16,16
942,11,7,11,6,11,2,4,4,9,2,3,6,11,9,10
954,12,7,12,8,11,3,5,5,9,2,4,8,12,13,12
977,12,8,16,7,12,4,6,6,12,3,5,7,15,11,12
1011,16,8,17,10,12,7,9,9,13,6,8,11,16,16,14
1023,19,13,20,15,17,10,12,14,15,9,11,15,19,16,19
1020,17,13,20,15,15,8,12,11,15,8,9,14,17,18,16
3084,1978,1888,2014,1944,3827,1875,1911,1915,1926,1852,1878,1920,1986,2010,1995
996,11,8,21,10,1851,7,8,10,12,7,8,8,12,14,13
954,11,4,20,7,1844,4,5,7,8,5,5,6,7,10,11
1002,14,8,22,16,1844,8,9,11,12,7,8,11,14,17,19
982,10,5,52,8,1851,5,7,6,9,4,5,5,7,11,11
1003,8,7,18,9,1849,9,9,11,11,7,7,8,8,12,11
946,8,2,19,7,1843,2,3,4,6,1,2,3,6,8,7
967,9,3,21,6,1846,3,4,5,8,2,3,4,7,9,10
973,9,3,18,6,1838,3,4,6,8,2,3,4,7,10,9
972,13,8,24,10,1849,7,9,9,11,7,7,9,11,12,13
932,9,6,22,6,1842,5,6,6,7,2,2,3,6,8,8
945,9,4,16,6,1834,3,5,5,7,2,3,4,7,9,8
967,10,5,41,6,1839,4,5,7,8,4,5,5,9,11,11
1001,13,7,23,10,1843,7,8,9,12,7,8,10,12,14,13
1013,12,10,80,10,1841,8,9,10,12,6,9,8,12,12,13
1000,13,8,59,11,1850,6,9,11,12,6,8,8,10,14,12
198682,198682,198682,199051,198682,39299239625782
118464,118464,118464,118665,118464,39299239625782
77898,77898,77898,77944,77898,39299239625782
44855,44855,44855,44916,44855,39299239625782
119393,119393,119393,119679,119393,39299239625782
228796,228796,228796,229009,228796,39299239625782
93500,93500,93500,93559,93500,39299239625782
57635,57635,57635,57712,57635,39299239625782
77802,77802,77802,77875,77802,39299239625782
88618,88618,88618,88716,88618,39299239625782
49254,49254,49254,49289,49254,39299239625782
38582,38582,38582,38614,38582,39299239625782
42693,42693,42693,42803,42693,39299239625782
54860,54860,54860,54900,54860,39299239625782
38234,38234,38234,38324,38234,39299239625782
26442,26442,26442,26463,26442,39299239625782
4302.33136
3791.985421
510.345939
4792.569982,3485.84859,2393.506147,nan,nan
716.700435,436.046547,400.278981,nan,nan
2.495188
4451.063172
3923.107443
527.95573
4746.32007,3761.395641,2393.506147,nan,nan
778.220885,406.967874,400.278981,nan,nan
0.580615
0.580615
facesim
16
0,1,2,3,4,5,6,7,8,9,10,11,12,13,14,15,16
