2136,717,661,758,1072,1034,2165,1606,3171,619,1259,732,683,624,737,904
1538,1261,946,815,994,1140,1931,1458,3391,736,1431,855,737,916,750,895
1143,721,705,652,804,1030,2147,1451,3090,791,1555,831,751,660,668,716
1473,787,696,464,746,930,2581,1614,2797,673,1292,533,640,741,608,826
1494,858,734,651,879,953,2258,1477,3181,657,1480,824,734,766,744,861
1498,952,892,815,916,1067,2555,1835,3180,720,1339,758,798,761,752,892
2016,1445,1658,1775,1732,1883,2624,2415,4589,1520,2108,1712,1352,1563,1555,1488
1747,1036,1038,1220,1327,1542,2711,1978,3389,1228,1744,1179,1091,1127,1053,1184
2536,2273,1834,1507,2185,2384,3858,2732,4009,2114,2825,1963,2148,2027,1913,2514
1028,656,687,615,772,956,2248,1481,3193,533,1323,527,602,652,752,929
1542,1333,1185,1002,1240,1360,2473,1964,4006,946,1590,872,1069,1041,1095,1178
1153,826,839,747,1061,973,2221,1591,3058,271,1165,740,668,676,633,856
987,644,663,577,744,995,1628,1339,3446,788,1325,600,672,706,670,739
1285,929,691,692,784,908,2063,1513,3263,696,1256,707,655,670,620,752
1273,592,833,698,885,857,2073,1630,2885,686,1413,657,707,827,744,964
1168,541,709,634,806,981,1741,1222,3470,613,1157,607,665,690,655,809
3879,1636,1381,1676,1618,1891,1482,1591,1428,1102,1260,1255,1110,1599,1469,1529
878,646,682,801,847,819,1065,716,802,772,889,629,577,769,563,503
880,1056,571,765,805,851,1128,968,880,806,926,946,765,765,846,721
1090,801,709,324,700,778,1059,971,630,662,650,820,562,709,711,653
1172,1067,855,819,646,985,1118,1074,892,870,858,1032,759,900,985,744
1296,902,800,844,877,636,1051,1081,1138,879,817,811,777,752,799,841
1160,946,1025,1178,1086,1221,966,1186,1156,1187,1170,984,909,1018,1031,899
1116,956,836,1006,918,976,1204,761,925,852,961,1083,858,902,1042,733
961,938,975,1037,903,1004,1129,1073,711,788,852,898,776,814,894,758
672,732,846,725,742,761,913,878,953,364,746,522,655,756,730,631
1173,1364,1359,1200,1264,1258,1351,1360,1289,1267,856,1136,1162,1244,1156,1020
869,782,817,600,781,799,1110,1008,889,617,660,561,565,785,712,722
927,823,809,648,730,779,990,891,758,654,1019,664,483,670,744,876
910,815,646,758,718,704,1056,800,733,666,857,730,866,438,770,826
1043,747,685,678,864,778,960,761,921,805,723,659,734,772,551,785
1115,854,735,754,814,828,1050,868,1002,780,974,791,996,879,779,564
239785,239785,239785,247354,239785,25643781355982
269711,269711,269711,285346,269711,25643781355982
261800,261800,261800,272758,261800,25643781355982
170963,170963,170963,176371,170963,25643781355982
284777,284777,284777,294969,284777,25643781355982
343593,343593,343593,363048,343593,25643781355982
384233,384233,384233,401519,384233,25643781355982
269209,269209,269209,280531,269209,25643781355982
314632,314632,314632,324591,314632,25643781355982
336468,336468,336468,354647,336468,25643781355982
375596,375596,375596,392778,375596,25643781355982
244740,244740,244740,254973,244740,25643781355982
176694,176694,176694,180899,176694,25643781355982
239339,239339,239339,253350,239339,25643781355982
245829,245829,245829,256325,245829,25643781355982
168724,168724,168724,174548,168724,25643781355982
4330.26113
3608.761798
721.499332
3210.799027,3866.879704,2621.043559,nan,nan
738.524087,768.433325,410.148038,nan,nan
2.469648
4062.408314
3423.742377
638.665937
2912.915335,4334.703969,2621.043559,nan,nan
741.861109,697.887195,410.148038,nan,nan
1.855785
1.855785
streamcluster
16
0,1,2,3,4,5,6,7,8,9,10,11,12,13,14,15
