41,9,7,7,10,8,7,7,7,8,8,5,10,8,9,9
8,3,1,1,1,1,1,2,1,1,1,1,3,1,3,5
6,2,1,1,1,1,1,1,1,1,1,1,3,1,4,3
8,1,0,0,1,0,0,0,0,0,0,0,0,0,1,0
9,1,0,1,2,0,0,0,0,0,0,0,0,0,1,0
4,1,0,0,1,0,0,0,0,0,0,0,0,2,1,2
5,2,1,1,2,1,1,1,1,1,1,1,1,1,2,1
5,1,0,0,1,0,0,1,0,0,0,0,0,0,1,0
32,1,2,0,19,0,3,0,2,0,4,0,34,0,39,34
4,1,0,0,1,0,0,0,0,0,0,0,2,2,1,2
33,3,3,0,20,0,3,0,2,0,2,0,23,2,39,23
35,1,3,0,18,0,2,2,2,0,2,0,22,0,38,22
7,2,1,1,2,1,1,1,10,2,10,8,3,1,2,3
11,1,0,0,1,0,1,0,0,1,1,0,2,3,1,3
10,5,5,4,6,4,4,4,5,4,4,3,6,4,6,6
11,3,1,2,2,1,1,1,11,2,10,8,3,3,4,3
79,8,4,6,10,3,3,5,32,3,33,31,5,14,8,11
7,0,1,1,1,1,1,1,6,1,5,4,2,1,1,3
5,0,0,0,0,0,0,0,7,0,5,4,1,0,1,1
5,0,0,0,1,0,0,0,5,0,3,3,1,0,0,2
9,0,0,1,2,1,1,1,25,1,22,21,2,1,2,2
6,0,0,0,0,0,0,0,5,0,3,3,1,0,0,1
5,0,0,0,0,0,0,0,7,0,4,5,1,1,0,1
6,1,0,0,0,0,0,1,5,0,3,4,1,0,0,1
8,2,2,0,0,0,1,0,2,2,11,7,2,2,4,3
6,0,0,0,0,0,0,0,5,0,5,3,2,1,0,2
10,2,3,0,0,0,0,0,8,0,2,12,4,3,3,4
7,2,2,0,0,0,0,0,5,0,3,0,3,2,2,3
7,1,1,0,0,0,0,0,9,1,22,21,2,1,1,2
11,0,0,0,0,1,0,0,5,1,4,3,1,2,0,2
8,0,2,1,1,1,1,1,40,1,37,38,2,1,2,3
8,2,1,0,0,1,0,0,8,1,20,21,2,2,1,2
1558,1558,1558,1563,1558,28422039794936
902,902,902,1007,902,28422039794936
722,722,722,723,722,28422039794936
384,384,384,386,384,28422039794936
1169,1169,1169,1296,1169,28422039794936
550,550,550,551,550,28422039794936
684,684,684,791,684,28422039794936
513,513,513,609,513,28422039794936
1422,1422,1422,1726,1422,28422039794936
699,699,699,699,699,28422039794936
1434,1434,1434,1630,1434,28422039794936
1144,1144,1144,1267,1144,28422039794936
860,860,860,870,860,28422039794936
798,798,798,815,798,28422039794936
1334,1334,1334,1673,1334,28422039794936
890,890,890,917,890,28422039794936
4821.796091
3993.177302
828.61879
3049.785835,4319.943732,2925.276923,nan,nan
950.145025,701.912785,1561.074725,nan,nan
2.546739
4612.058552
3671.380586
940.677966
2829.583486,4514.312566,2925.276923,nan,nan
899.405505,666.351637,1561.074725,nan,nan
0.00643
0.00643
x264
16
0,1,2,3,4,5,6,7,8,9,10,11,12,13,14,15
