5772,1535,1507,1475,1734,1908,1278,1243,1498,1293,1480,1339,1479,1732,1876,2077
2753,36,157,162,233,177,32,249,152,168,255,150,172,222,173,156
5384,1693,1811,1985,2064,2226,1477,1502,1865,1557,1797,1577,1842,1924,2072,2001
5183,1608,1428,1359,1412,1546,1144,1192,1407,1275,1255,1063,1312,1638,1777,1781
5897,1921,2289,1761,2603,2658,1496,1594,2174,1297,1667,1334,1872,1780,2215,1891
5882,2524,2624,2401,2555,2762,2268,2259,2369,2125,2488,2279,2286,2530,2501,2545
2307,19,53,62,93,42,21,71,41,41,79,48,45,62,41,52
6554,2969,3312,2897,3462,3651,2562,2315,2896,2404,2671,2510,3169,3208,3291,3170
4411,1673,1490,1521,1642,2133,1233,1385,1495,1263,1368,1144,1407,1781,1812,1635
4382,1470,1447,1399,1432,1641,1388,1087,1265,1000,1171,1032,1247,1555,1675,1707
7078,2962,2992,2456,2945,3199,2288,2203,2537,2185,2509,2257,2501,2871,3323,3495
4878,1934,1422,1576,1874,1860,1355,1515,1749,1396,1502,1356,1426,1639,1701,1829
5056,1797,1747,1422,1730,1805,1216,1274,1665,1389,1349,1275,1714,1890,2002,1792
5198,1775,2019,2057,2124,2287,1688,1525,1831,1533,1698,1490,1805,2045,1984,1827
6052,2474,2530,2618,2832,2927,2454,2064,2365,2032,2464,2265,2446,2755,2875,2942
5203,1900,1596,1771,1676,2165,1560,1609,1879,1597,1595,1457,1741,1812,1870,1962
12078,5245,7502,7281,7951,8133,4565,8060,6143,6134,8319,6454,6933,7368,7905,7171
3663,27,1206,1120,1385,1719,15,2060,1163,1026,2060,1337,1250,1224,1704,1311
3917,71,1307,1092,1834,1907,41,2594,1099,1112,2283,1086,1317,1609,1816,1203
3845,67,1550,1089,1558,1787,40,2362,1207,1132,1995,1259,1142,1674,1963,1400
4100,106,1703,1218,1829,1939,54,2849,1346,1234,2511,1533,1353,1831,2141,1421
4476,88,1753,1213,2101,2034,40,2796,1631,1274,2493,1448,1404,1866,2172,1633
3280,29,1166,851,1235,1641,20,1983,961,1062,1795,1015,945,1370,1779,1181
3401,91,1268,974,1454,1629,41,1779,1032,897,1848,1203,998,1358,1539,1245
3408,67,1448,1092,1706,1742,37,2159,1147,977,1981,1318,1288,1447,1751,1472
3257,85,1228,994,1190,1570,38,1915,982,795,1759,1089,1091,1278,1499,1244
3478,99,1409,1021,1593,1827,70,2227,1073,931,1941,1195,1087,1513,1817,1251
3292,62,1210,857,1221,1685,30,2001,861,830,1793,1010,1017,1272,1684,1088
3645,95,1382,1040,1445,1679,43,2404,1059,948,1934,1093,1260,1450,1795,1319
4042,96,1597,1294,1620,1917,45,2669,1335,1246,2389,1338,1507,1610,2063,1405
4147,80,1538,1419,1736,1876,37,2546,1410,1296,2565,1342,1556,1601,2105,1475
4228,59,1581,1394,1698,1913,48,2586,1310,1357,2780,1425,1425,1550,2226,1523
787359,787359,787359,828866,787359,166283871753478
569182,569182,569182,587003,569182,166283871753478
582665,582665,582665,599889,582665,166283871753478
372019,372019,372019,379655,372019,166283871753478
653021,653021,653021,683536,653021,166283871753478
636610,636610,636610,663212,636610,166283871753478
564409,564409,564409,583676,564409,166283871753478
538647,538647,538647,559504,538647,166283871753478
547474,547474,547474,571951,547474,166283871753478
574658,574658,574658,594880,574658,166283871753478
647880,647880,647880,674855,647880,166283871753478
469633,469633,469633,484468,469633,166283871753478
371531,371531,371531,380055,371531,166283871753478
510553,510553,510553,526769,510553,166283871753478
529779,529779,529779,550942,529779,166283871753478
363189,363189,363189,370719,363189,166283871753478
4334.4914
3731.580911
602.910488
4140.459064,3667.928196,2713.152022,nan,nan
739.365038,569.748099,441.960961,nan,nan
2.603135
4356.240561
3750.479432
605.761129
3597.684122,4126.591661,2713.152022,nan,nan
761.59716,522.330008,441.960961,nan,nan
3.709065
3.709065
vips
16
0,1,2,3,4,5,6,7,8,9,10,11,12,13,14,15
