1448,1197,1221,1136,994,949,1120,1067,1135,1084,1021,1017,1063,967,1019,1067
644,160,151,98,108,118,101,82,93,78,94,83,142,146,121,160
445,96,82,70,91,85,63,76,67,103,72,52,89,86,83,89
573,119,108,75,100,62,68,58,113,87,111,57,94,77,88,81
1983,1607,1285,1500,1603,1650,1613,1441,1517,1449,1592,1598,1643,1524,1534,1600
1227,783,755,813,799,770,747,766,785,754,724,705,709,836,800,755
2530,2083,2058,2190,2130,2201,2190,1948,2082,2098,2316,2175,2318,2022,2010,2108
386,23,13,17,21,20,12,7,19,16,21,12,15,19,24,18
1668,1306,1257,1197,1272,1352,1342,1300,1279,1276,1331,1328,1395,1321,1238,1234
1814,1594,1577,1537,1583,1470,1374,1299,1430,1422,1567,1552,1517,1488,1489,1450
2508,2085,1997,2019,2100,2060,2135,1950,2235,2060,2310,2127,2317,1974,1948,2093
1293,975,840,852,921,913,946,840,835,840,825,807,831,820,838,914
795,425,392,395,396,388,322,308,330,356,335,403,452,390,347,440
528,94,96,84,94,72,59,71,38,74,64,60,92,109,70,219
1629,1304,1130,1178,1066,1040,1082,1024,1131,1151,1038,1028,1069,1140,1164,1281
551,90,92,67,67,83,49,45,32,53,56,30,55,55,71,95
2073,1011,741,900,2027,1455,2327,727,1771,1811,2326,1383,1035,855,1880,893
1352,115,71,88,1263,609,1557,19,1034,1224,1608,744,335,72,1008,70
1279,114,60,81,1020,596,1536,12,995,1212,1550,651,311,73,876,71
1266,77,51,54,1173,625,1623,14,954,1171,1561,658,308,61,908,52
1187,88,67,76,1245,637,1626,17,1010,1224,1640,713,320,73,848,55
1157,95,63,49,1299,592,1654,16,1054,1122,1605,707,312,53,827,65
1207,80,48,52,1274,586,1660,12,1060,1077,1686,731,256,48,853,41
1188,61,56,44,1122,604,1480,5,1025,1005,1521,655,242,52,806,33
1236,72,51,82,1186,618,1589,17,1029,1120,1738,649,263,29,884,28
1171,64,75,68,1181,625,1639,14,1037,1101,1647,665,286,60,895,45
1130,77,55,85,1282,592,1759,21,1081,1229,1790,639,265,56,845,49
1112,61,38,44,1266,564,1646,11,1079,1200,1667,625,341,45,818,24
1180,107,68,69,1297,551,1760,13,1106,1188,1812,638,352,69,853,45
1136,109,65,58,1218,642,1535,15,1055,1150,1556,640,307,84,891,44
1247,91,62,64,1210,615,1543,20,1014,1159,1552,644,268,51,909,52
1224,119,66,58,1256,576,1588,15,977,1116,1631,716,350,157,1003,72
218152,218152,218152,220757,218152,27289796561307
182041,182041,182041,184136,182041,27289796561307
168110,168110,168110,170040,168110,27289796561307
85617,85617,85617,85852,85617,27289796561307
276562,276562,276562,280472,276562,27289796561307
250165,250165,250165,253629,250165,27289796561307
324287,324287,324287,330567,324287,27289796561307
113910,113910,113910,114586,113910,27289796561307
255597,255597,255597,259333,255597,27289796561307
280534,280534,280534,284632,280534,27289796561307
355495,355495,355495,361025,355495,27289796561307
151181,151181,151181,152759,151181,27289796561307
134223,134223,134223,135222,134223,27289796561307
152414,152414,152414,153854,152414,27289796561307
205164,205164,205164,207479,205164,27289796561307
79979,79979,79979,80207,79979,27289796561307
3990.55088
3356.376275
634.174604
3604.556694,3333.831982,2563.871727,nan,nan
742.388511,615.603756,408.728269,nan,nan
2.359001
3993.325045
3369.419697
623.905347
3116.864689,3821.68598,2563.871727,nan,nan
763.53075,554.858175,408.728269,nan,nan
1.397283
1.397283
freqmine
16
0,1,2,3,4,5,6,7,8,9,10,11,12,13,14,15
