31,5,3,4,2,2,3,3,3,2,4,3,3,2,5,3
10,3,1,1,1,1,1,1,1,1,1,1,1,1,3,1
5,1,0,0,0,0,0,0,0,0,0,0,0,0,1,0
5,1,0,0,0,0,0,0,0,0,0,0,0,0,3,2
6,2,1,1,1,1,1,1,1,1,1,1,1,1,2,1
5,1,0,0,0,0,0,0,0,0,0,0,0,0,1,2
5,1,0,0,0,0,0,0,0,0,0,0,0,0,1,0
4,1,0,0,3,0,0,0,0,0,0,0,0,0,4,0
4,1,0,0,1,0,0,0,0,0,0,0,0,0,2,2
4,1,0,0,1,0,0,0,0,0,0,0,0,0,2,0
6,1,0,0,1,0,0,0,0,0,0,0,0,2,2,0
4,1,0,0,1,0,0,0,0,0,0,0,0,0,2,0
6,1,0,0,1,0,0,0,0,0,0,0,0,0,2,0
8,1,0,0,1,0,0,0,0,0,0,0,1,3,2,0
11,3,2,2,3,3,2,3,2,2,2,2,2,2,4,2
9,1,0,0,1,1,1,0,1,0,0,0,0,0,2,0
57,9,3,2,8,4,4,3,3,4,4,3,4,9,13,11
6,0,1,1,2,1,1,1,1,1,1,1,1,1,2,1
5,0,0,1,1,0,0,0,0,0,0,0,0,0,1,0
6,0,0,0,1,0,0,0,0,0,0,0,0,0,1,0
6,0,0,0,1,0,0,2,1,1,1,1,1,1,2,1
4,0,0,0,1,0,0,0,0,0,0,0,0,0,2,1
5,0,0,0,1,0,0,0,0,0,0,0,0,0,1,1
5,0,0,0,1,0,0,0,0,0,0,0,0,0,2,0
5,0,0,0,1,0,0,0,0,0,0,0,0,0,1,1
4,0,0,0,1,0,0,0,0,0,0,0,0,0,1,0
6,0,0,0,1,0,0,0,0,0,0,0,0,0,1,0
5,0,0,0,1,0,0,0,0,0,0,0,0,0,1,0
5,0,0,0,1,0,0,0,0,0,0,0,0,1,1,0
6,0,0,0,1,0,0,0,0,0,1,0,0,2,1,0
9,0,1,2,2,1,1,3,2,2,2,2,2,2,3,2
8,0,0,1,1,1,0,0,1,0,0,0,0,0,1,0
797,797,797,806,797,30707651468909
483,483,483,579,483,30707651468909
306,306,306,306,306,30707651468909
158,158,158,158,158,30707651468909
342,342,342,347,342,30707651468909
223,223,223,223,223,30707651468909
228,228,228,233,228,30707651468909
189,189,189,189,189,30707651468909
233,233,233,234,233,30707651468909
171,171,171,171,171,30707651468909
204,204,204,209,204,30707651468909
167,167,167,167,167,30707651468909
164,164,164,164,164,30707651468909
233,233,233,233,233,30707651468909
342,342,342,347,342,30707651468909
182,182,182,182,182,30707651468909
4120.90865
3355.843169
765.065481
2752.083871,3531.232258,2898.414474,nan,nan
681.03871,571.112903,2037.434211,nan,nan
2.574778
4232.478261
3270.478261
962.0
2732.364238,3703.839623,2898.414474,nan,nan
681.437086,581.179245,2037.434211,nan,nan
0.001884
0.001884
x264
16
0,1,2,3,4,5,6,7,8,9,10,11,12,13,14,15,16
