5536,1276,1295,1302,1337,1320,1282,1316,1292,1278,1283,1251,1336,1290,1383,1340
4935,833,824,831,833,874,799,824,814,803,810,768,818,833,840,833
4852,805,801,802,812,854,800,806,821,793,796,764,810,811,810,817
4940,838,807,808,834,888,825,855,842,839,814,771,832,844,827,850
4878,829,814,818,847,921,835,847,824,804,802,775,808,815,831,814
4957,903,964,886,925,1042,943,879,863,863,842,824,884,839,904,876
8511,4504,4496,4538,4523,4540,4483,4543,4495,4532,4489,4479,4515,4491,4515,4550
4957,835,832,831,895,902,828,823,843,828,822,786,852,834,898,871
4832,815,837,800,835,849,798,819,810,806,791,753,818,796,821,816
4846,818,825,813,840,883,815,828,817,811,811,788,810,809,810,837
4811,803,786,806,829,838,820,830,809,802,811,762,797,806,806,811
3978,46,37,44,47,57,40,45,50,45,36,14,33,43,37,38
4926,815,818,806,825,882,815,825,825,819,800,771,809,808,825,821
4896,810,791,821,827,850,797,807,793,808,794,774,795,798,805,818
4980,822,806,832,882,896,827,860,831,831,843,779,854,815,885,856
4965,827,791,828,828,879,822,833,827,825,807,779,820,817,835,827
13407,8732,8592,8696,8593,8735,10968,8716,8538,8542,8479,7887,8673,8641,8733,8750
4934,564,554,568,560,636,3027,563,563,568,547,38,552,553,566,566
4883,567,544,553,557,663,3073,567,569,562,546,34,572,541,557,547
4916,574,554,557,563,655,3042,579,580,558,556,38,558,564,581,577
4898,568,563,572,579,655,3035,611,576,576,572,41,560,585,608,587
4949,613,601,628,670,669,3077,631,617,609,586,44,603,599,618,616
4805,545,546,559,566,673,3000,564,547,564,556,36,554,540,567,577
4893,564,557,603,587,621,3056,565,572,578,577,41,577,559,609,574
4860,572,584,590,567,620,3020,587,555,566,563,43,566,550,580,579
4832,563,547,585,554,619,3050,574,557,557,556,37,580,563,588,576
4808,566,552,565,553,602,3019,566,548,557,563,33,555,551,598,560
4759,516,519,522,521,548,2995,528,509,529,517,11,521,523,532,526
4916,558,570,578,552,624,3034,582,555,555,552,28,554,547,575,574
4891,573,565,585,568,595,3028,569,548,556,563,35,557,551,565,568
4951,577,559,588,565,656,3038,598,557,574,563,32,567,562,603,577
4959,569,566,583,559,616,3073,584,556,571,563,32,564,565,587,575
718696,718696,718696,808785,718696,36944598584669
519834,519834,519834,542362,519834,36944598584669
420128,420128,420128,431978,420128,36944598584669
237662,237662,237662,242107,237662,36944598584669
406659,406659,406659,434221,406659,36944598584669
378629,378629,378629,391946,378629,36944598584669
496835,496835,496835,514270,496835,36944598584669
267371,267371,267371,274450,267371,36944598584669
321807,321807,321807,339968,321807,36944598584669
312110,312110,312110,322008,312110,36944598584669
336860,336860,336860,345374,336860,36944598584669
198503,198503,198503,201839,198503,36944598584669
202543,202543,202543,207685,202543,36944598584669
245034,245034,245034,252309,245034,36944598584669
248409,248409,248409,255240,248409,36944598584669
163372,163372,163372,165756,163372,36944598584669
4249.146468
3734.883988
514.26248
4291.085185,3639.174581,2644.252246,nan,nan
768.885031,427.763215,499.591591,nan,nan
2.629786
4222.777905
3653.433036
569.344869
3761.055271,3834.279817,2644.252246,nan,nan
813.455318,431.667915,499.591591,nan,nan
2.32522
2.32522
facesim
16
0,1,2,3,4,5,6,7,8,9,10,11,12,13,14,15
