34,8,4,5,5,4,5,4,4,5,4,5,6,5,6,7
9,3,1,1,1,1,1,1,1,1,1,1,3,1,3,3
5,1,0,0,0,0,0,0,0,0,0,0,2,0,1,2
6,1,0,0,0,0,0,0,0,0,0,0,2,2,1,4
5,1,0,1,0,0,0,0,0,0,0,0,2,0,1,2
6,1,0,0,0,0,0,0,0,0,0,0,2,0,1,4
6,1,0,0,0,0,0,0,0,0,0,0,2,0,1,2
13,1,0,0,1,0,0,0,0,0,0,0,2,0,3,0
4,1,0,0,0,0,0,0,0,0,0,0,0,0,3,0
6,1,0,0,2,0,0,0,0,0,0,0,0,0,1,0
2,1,0,0,0,0,0,0,0,0,0,0,0,0,1,0
7,1,0,0,0,0,0,0,0,0,0,0,0,0,1,0
5,1,0,0,0,0,0,7,0,0,0,0,0,2,3,0
6,1,0,1,0,0,1,0,0,0,0,0,1,0,1,0
7,2,1,1,1,1,2,1,1,1,1,1,2,1,5,1
11,1,0,0,1,1,0,7,0,0,0,0,0,0,1,0
72,7,2,4,5,4,4,10,3,4,2,5,4,9,10,11
9,0,2,1,1,1,1,1,1,1,1,1,1,1,1,1
6,0,0,0,0,0,0,0,0,0,0,0,0,0,0,0
7,0,0,0,1,0,0,0,0,0,0,0,0,1,0,0
8,0,0,0,0,0,0,1,0,1,0,0,0,0,0,1
6,0,0,0,0,0,0,0,0,0,0,0,0,0,0,1
7,0,0,0,0,0,0,0,0,0,0,0,0,1,1,0
8,2,2,2,2,2,2,0,0,0,0,0,0,0,0,0
6,0,0,0,0,0,0,0,0,0,0,0,0,0,0,0
7,0,0,0,0,0,0,0,0,0,0,0,0,0,0,0
6,0,0,0,0,0,0,0,0,0,0,0,0,0,0,0
7,0,0,0,0,0,0,0,0,0,0,0,0,0,0,0
7,1,1,1,1,1,1,1,0,0,0,0,0,1,1,0
9,0,0,1,0,0,0,0,0,0,0,0,1,0,0,0
10,0,1,1,1,1,1,2,2,1,1,1,2,1,3,1
10,1,1,2,1,2,1,0,0,0,0,0,0,0,0,0
935,935,935,948,935,32577106416194
557,557,557,650,557,32577106416194
361,361,361,361,361,32577106416194
234,234,234,234,234,32577106416194
335,335,335,336,335,32577106416194
234,234,234,234,234,32577106416194
210,210,210,211,210,32577106416194
269,269,269,269,269,32577106416194
235,235,235,237,235,32577106416194
164,164,164,164,164,32577106416194
135,135,135,135,135,32577106416194
189,189,189,189,189,32577106416194
206,206,206,206,206,32577106416194
241,241,241,241,241,32577106416194
271,271,271,271,271,32577106416194
186,186,186,186,186,32577106416194
4090.517401
3383.310905
707.206497
2882.595092,3530.851579,3058.05,nan,nan
674.171779,549.975789,1566.95,nan,nan
2.682908
4135.85022
3282.079295
853.770925
2867.150943,3592.894737,3058.05,nan,nan
674.377358,561.815789,1566.95,nan,nan
0.002016
0.002016
x264
16
0,1,2,3,4,5,6,7,8,9,10,11,12,13,14,15
