22,6,2,3,0,2,3,2,3,3,3,3,2,4,6,2
7,3,1,1,0,1,1,1,1,1,1,1,1,1,3,1
5,1,0,0,0,0,0,0,0,0,0,0,0,0,1,0
4,1,0,0,0,0,0,0,0,0,0,0,0,0,1,0
1,0,0,0,0,0,0,0,1,0,0,0,0,0,0,0
12,1,0,0,0,0,0,0,0,0,0,0,0,0,1,0
4,1,0,0,0,0,0,0,0,0,0,0,0,0,1,0
2,1,0,0,0,0,0,0,0,0,0,0,0,0,1,0
4,1,0,0,0,0,0,0,0,0,0,0,0,0,1,0
4,1,0,0,2,0,0,0,0,0,0,0,0,0,1,0
4,1,0,0,0,0,0,0,0,0,0,0,0,0,1,0
4,1,0,0,0,0,0,0,0,0,0,0,0,0,1,0
2,1,0,0,0,0,0,0,0,0,0,0,0,0,1,0
4,1,0,0,0,0,0,0,0,0,0,0,0,0,1,0
7,2,1,1,0,1,1,1,1,1,1,1,1,1,2,1
4,1,0,0,0,0,0,0,0,0,0,0,0,0,1,0
43,6,2,3,2,9,3,2,3,3,3,3,2,3,5,4
7,0,2,1,0,1,1,1,1,1,1,1,1,1,1,1
4,0,0,0,0,0,0,0,0,0,0,0,0,0,0,0
5,0,0,0,0,0,0,0,0,0,0,0,0,0,0,0
1,0,0,0,0,0,0,0,0,1,0,0,0,0,0,0
4,0,0,0,0,0,0,0,0,0,0,0,0,0,0,0
5,0,0,0,0,0,0,0,0,0,0,0,0,0,0,0
4,0,0,0,0,0,0,0,0,0,0,0,0,0,0,0
5,0,0,0,1,0,0,0,0,0,0,0,0,0,0,0
5,0,0,0,0,0,0,0,0,0,0,0,0,0,0,0
5,0,0,0,0,0,0,0,0,0,0,0,0,0,0,0
5,0,0,0,0,0,0,0,0,0,0,0,0,0,0,0
4,0,0,0,0,0,0,0,0,0,0,0,0,0,0,0
6,0,0,0,0,0,0,0,0,0,0,0,0,0,0,0
7,0,1,1,0,1,1,1,1,1,1,1,1,1,1,1
4,0,0,0,0,0,0,0,0,0,0,0,0,0,0,0
581,581,581,590,581,35204864401878
395,395,395,489,395,35204864401878
232,232,232,232,232,35204864401878
111,111,111,111,111,35204864401878
164,164,164,165,164,35204864401878
145,145,145,145,145,35204864401878
121,121,121,121,121,35204864401878
90,90,90,90,90,35204864401878
128,128,128,129,128,35204864401878
106,106,106,106,106,35204864401878
110,110,110,110,110,35204864401878
81,81,81,81,81,35204864401878
70,70,70,70,70,35204864401878
94,94,94,94,94,35204864401878
155,155,155,155,155,35204864401878
62,62,62,62,62,35204864401878
4088.859922
3325.249027
763.610895
2693.382353,3498.246503,2969.536082,nan,nan
682.323529,592.646853,1857.247423,nan,nan
2.43061
4148.44757
3218.432225
930.015345
2660.602041,3620.52551,2969.536082,nan,nan
682.989796,594.642857,1857.247423,nan,nan
0.001138
0.001138
dedup
16
0,1,2,3,4,5,6,7,8,9,10,11,12,13,14,15
