48,6,4,4,8,5,7,6,5,8,9,4,7,6,9,5
13,3,1,1,1,4,3,1,2,1,5,1,1,4,3,1
8,1,2,0,0,2,0,0,0,0,4,2,0,0,1,0
16,2,1,1,2,3,1,3,2,2,5,1,1,2,5,3
71,11,11,16,39,15,14,14,12,16,16,11,42,12,77,49
17,1,0,0,0,0,2,2,1,1,5,0,3,0,3,4
13,1,0,2,0,2,0,1,1,1,5,0,3,3,1,5
13,8,4,5,15,6,5,5,5,3,15,9,13,8,14,5
9,1,0,0,0,0,0,0,0,0,3,0,2,0,1,2
15,2,1,4,3,2,2,0,0,0,8,6,4,0,6,4
13,3,3,4,4,2,3,7,2,4,6,2,4,4,3,4
3445,3378,3429,3492,3441,3036,2561,2941,2846,2915,3522,3300,3089,2950,3050,2865
11,2,1,2,11,3,1,4,1,2,5,0,3,1,2,3
12,1,0,1,1,0,2,1,0,0,7,0,3,0,2,3
18,5,3,5,5,2,9,9,2,5,7,2,5,4,4,4
11,2,1,2,10,5,1,3,1,2,5,0,3,1,2,3
105,17,9,16,55,23,15,13,9,15,10,2530,8,15,20,10
10,0,3,1,13,1,1,6,1,3,2,2488,2,1,2,2
8,0,1,2,13,0,0,4,0,2,2,2501,1,0,1,1
10,0,0,0,16,2,1,2,0,2,1,2549,2,1,2,2
15,0,0,1,21,2,4,16,2,6,4,2522,2,3,3,2
15,2,1,1,19,0,1,5,0,1,1,2247,2,0,0,3
12,1,0,0,26,2,0,4,1,2,2,1904,1,1,6,1
11,0,0,2,19,2,0,4,1,13,6,2168,3,1,6,3
8,1,0,1,15,1,1,5,0,3,1,2093,1,0,0,1
10,0,0,0,18,0,1,21,0,0,2,2139,1,0,1,1
9,1,1,1,15,2,2,7,2,3,2,2616,2,3,2,2
7,0,1,0,11,0,0,5,0,2,1,2432,2,0,0,0
8,0,0,0,18,2,2,11,1,2,2,2322,2,4,2,2
13,2,0,1,17,0,2,7,0,1,2,2185,1,0,3,1
16,0,1,3,50,2,1,10,1,4,2,2229,2,2,2,5
11,0,0,1,23,3,3,3,1,2,2,2125,2,2,1,2
18020,18020,18020,18031,18020,27111842088672
25623,25623,25623,25970,25623,27111842088672
34100,34100,34100,34487,34100,27111842088672
43011,43011,43011,43424,43011,27111842088672
25446,25446,25446,25632,25446,27111842088672
31093,31093,31093,31670,31093,27111842088672
36864,36864,36864,37428,36864,27111842088672
80996,80996,80996,83508,80996,27111842088672
34275,34275,34275,34315,34275,27111842088672
65936,65936,65936,66421,65936,27111842088672
99964,99964,99964,100806,99964,27111842088672
232068,232068,232068,242101,232068,27111842088672
15518,15518,15518,15534,15518,27111842088672
23339,23339,23339,24058,23339,27111842088672
31337,31337,31337,31395,31337,27111842088672
38062,38062,38062,38242,38062,27111842088672
4724.239969
4017.014249
707.225719
5054.5447,3491.152186,2697.925386,nan,nan
871.357557,638.300251,357.484229,nan,nan
2.528101
4803.303089
4120.281258
683.021831
4857.025205,3906.186288,2697.925386,nan,nan
933.829791,552.876724,357.484229,nan,nan
0.357145
0.357145
swaptions
16
0,1,2,3,4,5,6,7,8,9,10,11,12,13,14,15,16
