1047,26,20,32,30,31,12,23,26,27,19,20,21,25,31,31
1003,15,11,19,20,18,6,13,16,17,10,10,14,17,20,20
952,12,6,13,15,13,7,8,11,11,7,6,9,12,14,15
1002,12,11,16,18,17,7,11,16,16,10,10,14,15,15,18
991,18,13,19,18,18,7,13,19,18,13,12,15,17,20,20
1005,14,11,18,18,16,8,11,14,14,8,8,12,15,15,18
3688,2743,2748,2741,2745,2744,2733,2739,2738,2732,2735,2735,2747,2746,2741,2762
973,14,10,19,17,19,9,14,17,15,9,9,13,16,16,19
973,12,7,14,16,17,7,10,13,15,9,6,12,16,16,15
975,14,9,16,16,19,11,14,15,15,9,10,12,19,16,18
939,12,6,13,13,15,7,11,11,13,6,5,9,15,16,13
950,11,8,13,11,14,6,11,14,13,6,6,11,14,14,16
968,14,9,16,16,16,8,12,16,16,10,8,12,18,17,17
999,16,11,18,16,20,7,13,17,16,10,10,15,18,18,20
994,15,8,16,16,15,5,10,14,14,10,7,12,17,16,16
998,16,10,18,16,19,5,12,14,17,8,9,12,17,17,20
3045,1971,1874,1974,1950,1979,3703,1915,1919,1922,1851,1873,1908,1969,1958,1968
997,8,8,8,13,9,1832,10,8,10,8,7,10,12,10,12
949,9,5,9,12,9,1835,9,6,8,5,6,8,10,6,9
1004,12,9,12,15,13,1830,14,10,12,9,9,12,14,11,14
993,15,11,14,15,14,1833,14,12,13,10,9,13,14,12,13
1007,13,9,13,14,12,1832,14,12,14,11,10,12,15,10,14
941,4,6,6,6,6,1825,8,5,9,6,5,7,6,3,4
971,10,6,9,11,9,1829,11,8,11,8,8,10,11,7,10
978,13,9,13,16,12,1830,14,11,14,9,11,13,15,11,12
977,14,9,13,15,12,1826,13,12,13,11,10,13,14,11,14
939,9,6,9,12,8,1828,9,8,9,6,6,9,10,8,8
949,8,5,8,10,7,1826,8,5,8,4,5,7,9,5,8
966,11,7,11,13,10,1835,11,9,10,7,8,10,13,9,10
998,12,8,11,13,11,1833,12,11,13,11,10,13,14,12,13
997,13,10,12,16,12,1830,13,12,13,12,11,13,14,11,13
1003,15,11,14,16,14,1845,15,12,14,10,12,14,16,12,16
197626,197626,197626,197892,197626,37439121801430
106613,106613,106613,106685,106613,37439121801430
87941,87941,87941,88042,87941,37439121801430
43008,43008,43008,43039,43008,37439121801430
119462,119462,119462,119714,119462,37439121801430
100441,100441,100441,100508,100441,37439121801430
220644,220644,220644,220801,220644,37439121801430
56844,56844,56844,56879,56844,37439121801430
78287,78287,78287,78440,78287,37439121801430
56077,56077,56077,56143,56077,37439121801430
82190,82190,82190,82235,82190,37439121801430
38048,38048,38048,38084,38048,37439121801430
42765,42765,42765,42824,42765,37439121801430
43960,43960,43960,44002,43960,37439121801430
48800,48800,48800,48817,48800,37439121801430
26088,26088,26088,26107,26088,37439121801430
4296.764853
3785.111606
511.653247
4790.165432,3478.629499,2384.427165,nan,nan
714.328915,436.464821,442.613666,nan,nan
2.490696
4446.595175
3914.978856
531.616319
4740.982436,3753.656584,2384.427165,nan,nan
773.165691,407.995123,442.613666,nan,nan
0.577817
0.577817
facesim
16
0,1,2,3,4,5,6,7,8,9,10,11,12,13,14,15,16
