3299,1803,1597,1903,1802,2017,1826,1814,1776,1694,1816,1773,1878,1738,1754,2196
830,19,12,226,156,264,10,244,10,200,230,174,208,222,180,97
583,14,5,47,49,55,5,45,6,45,43,44,47,54,47,48
3496,2208,1894,2075,2046,2241,1761,1982,1803,1750,2186,1988,2052,2238,2153,2655
3463,2029,1802,2176,2128,2210,1807,1780,1718,1945,2310,1859,1921,2060,1962,2374
4378,2418,2210,2527,2422,2530,1914,2118,1988,2037,2193,2516,2186,2300,2284,2909
492,13,5,26,21,22,4,22,6,17,22,26,11,29,25,17
3245,1920,1583,1989,1769,1931,1360,2070,1487,1435,1576,1737,1703,1647,1738,2255
475,12,7,55,58,66,5,44,7,143,50,46,78,72,56,43
2771,1699,1379,1773,1542,1762,1258,1404,1807,1268,1557,1428,1409,1344,1383,1998
3099,1831,1615,1955,1886,1930,1568,1733,1674,1775,1792,1650,1617,1569,1608,2203
3181,2053,1864,2122,2068,2410,1799,2077,1910,1890,1992,1944,1939,1910,1903,2367
4474,2824,2755,2941,2893,2883,2578,2735,2778,2640,3075,2753,2900,2690,2880,3342
4266,3256,2790,3183,3406,3207,2667,3243,2887,2725,3777,3030,2883,3009,3085,3281
3334,2282,2074,2173,2112,2223,1963,1896,1783,1938,2236,2314,2085,2188,2231,2769
4314,3263,2977,3210,3382,2990,3072,3093,2809,2850,3030,3005,2878,3269,3242,3421
4447,1384,1095,3352,3331,4138,948,3112,878,2699,2940,2930,3963,3936,3292,3832
1817,12,11,1388,1296,1515,9,1178,9,1085,1116,1325,1850,2122,1451,2157
1669,9,4,1329,1265,1572,4,1154,6,1010,1144,1314,1919,1940,1445,2014
1959,86,20,1402,1541,1848,17,1467,21,1284,1411,1487,2100,2256,1473,2217
1952,56,24,1475,1475,1782,11,1336,25,1246,1370,1492,2121,2528,1521,2379
2128,89,19,1649,1604,1842,15,1649,26,1387,1495,1727,2159,2348,1640,2108
1763,8,4,1251,1268,1400,3,1013,4,941,1132,1274,1853,1886,1365,2111
1796,74,19,1436,1278,1606,15,1360,19,1106,1308,1467,2019,2340,1362,2139
1665,7,4,1244,1163,1415,4,1070,5,1176,1144,1326,1914,1980,1199,1909
1653,71,21,1260,1428,1528,9,1144,63,929,1240,1389,1964,2057,1406,1975
1776,79,17,1552,1614,1692,17,1197,15,1167,1225,1482,2188,2638,1606,2124
1719,65,21,1411,1355,1749,21,1325,19,1123,1288,1348,2009,2188,1601,2080
1796,77,11,1472,1364,1625,7,1297,35,1121,1168,1395,2011,2110,1464,1991
1856,75,19,1615,1532,1687,11,1268,27,1137,1163,1400,2018,2134,1604,2287
1909,66,23,1490,1407,1663,15,1290,22,1074,1184,1352,2081,2237,1522,2262
2223,32,14,1962,1756,2192,6,1736,18,1543,1674,1729,2480,2438,2031,2414
423663,423663,423663,439030,423663,27883669093832
371925,371925,371925,382600,371925,27883669093832
331610,331610,331610,339245,331610,27883669093832
342388,342388,342388,350548,342388,27883669093832
471336,471336,471336,487361,471336,27883669093832
567808,567808,567805,591761,567805,27883669093832
412044,412044,412044,424909,412044,27883669093832
466873,466873,466873,484365,466873,27883669093832
375941,375941,375941,388904,375941,27883669093832
532407,532407,532407,549112,532407,27883669093832
501612,501612,501612,518928,501612,27883669093832
487895,487895,487895,505021,487895,27883669093832
398359,398359,398359,407608,398359,27883669093832
562801,562801,562801,581875,562801,27883669093832
513350,513350,513350,531857,513350,27883669093832
435302,435302,435302,447772,435302,27883669093832
4714.450307
4075.500699
638.949608
5087.330865,3622.880575,2764.566977,nan,nan
736.559973,613.140834,357.656569,nan,nan
2.607366
4728.267793
4117.943835
610.323958
4855.915856,3975.693318,2764.566977,nan,nan
803.035508,533.364548,357.656569,nan,nan
3.060242
3.060242
dedup
16
0,1,2,3,4,5,6,7,8,9,10,11,12,13,14,15,16
