104,15,5,17,20,16,8,16,18,18,15,9,10,12,15,12
56,7,4,7,12,6,3,3,7,7,6,5,7,8,7,10
2037,1582,2251,4750,8144,8058,6017,2704,1716,2087,12598,21684,17335,7961,2248,1572
69,19,14,27,30,30,15,20,18,24,28,14,25,24,27,31
65,7,0,6,9,8,0,2,7,5,4,3,5,6,9,6
45,6,2,6,11,10,0,2,4,4,6,2,4,6,9,6
5371,17288,24752,15974,13163,10498,7716,2784,1287,1331,1316,1214,1216,1273,2052,2154
30,9,3,4,9,6,1,6,1,3,6,2,4,6,2,6
36,5,0,5,8,10,0,1,4,1,5,3,3,6,6,5
44,6,2,2,9,3,2,3,1,3,7,1,4,7,4,5
23,7,4,8,11,8,4,2,5,4,6,2,4,8,7,10
24,6,0,7,9,4,0,5,5,4,7,2,6,4,9,12
49,8,2,6,8,3,2,3,3,5,6,2,3,10,2,8
56,7,2,7,10,9,0,4,4,4,6,2,8,9,4,5
49,9,4,9,8,11,8,5,9,7,10,5,10,6,10,11
68,12,0,12,13,15,8,5,5,7,13,12,10,5,11,14
238,94,1400,95,113,71,3633,47,53,66,26,27,72,96,80,107
55,3,1066,15,5,4,11537,5,3,4,4,4,5,5,6,10
21,2,1515,14,1,1,16514,1,0,2,2,0,1,1,2,1
50,4,3180,21,5,5,10663,3,4,2,4,5,5,5,8,24
70,8,5449,24,7,10,8792,6,6,7,7,6,6,8,6,9
47,4,5396,25,7,7,7021,4,7,3,5,3,3,7,8,12
23,1,4032,12,0,0,5162,2,0,2,2,0,1,0,7,8
37,2,1830,16,2,2,1879,3,3,2,1,3,2,3,4,5
40,4,1167,18,5,3,878,0,2,4,3,5,2,4,6,5
47,4,1422,22,4,3,915,1,1,2,4,3,3,3,4,7
21,2,8420,20,3,3,890,2,2,4,2,6,3,3,6,8
19,3,14476,10,3,2,828,1,2,1,1,1,4,2,4,7
39,4,11575,23,4,3,827,2,2,3,2,3,2,8,8,8
55,5,5330,22,4,4,866,3,3,4,4,2,6,6,6,5
46,3,1527,22,6,6,1399,1,5,3,4,5,2,3,6,9
56,6,1067,45,4,3,1456,3,3,3,5,6,4,3,5,6
69775,69775,69775,69961,69775,27732975771370
146606,146606,146606,148443,146606,27732975771370
509952,509952,509952,518709,509952,27732975771370
105091,105091,105091,105222,105091,27732975771370
111578,111578,111578,111771,111578,27732975771370
176683,176683,176683,180808,176683,27732975771370
580987,580987,580987,591756,580987,27732975771370
77391,77391,77391,77514,77391,27732975771370
38561,38561,38561,38609,38561,27732975771370
36165,36165,36165,36325,36165,27732975771370
189241,189241,189241,196456,189241,27732975771370
82883,82883,82883,82900,82883,27732975771370
62259,62259,62259,62271,62259,27732975771370
71715,71715,71715,73015,71715,27732975771370
83167,83167,83167,83852,83167,27732975771370
17097,17097,17097,17119,17097,27732975771370
4016.825076
3366.023385
650.801691
3909.268627,3238.055169,2498.116866,nan,nan
812.479994,621.486402,338.127263,nan,nan
2.239832
3852.266732
3234.217665
618.049067
3357.629672,3472.580055,2498.116866,nan,nan
862.676282,513.047437,338.127263,nan,nan
1.028077
1.028077
ferret
16
0,1,2,3,4,5,6,7,8,9,10,11,12,13,14,15,16
