640,15,8,15,10,12,9,9,7,10,9,6,7,9,11,11
613,8,7,5,8,8,4,8,7,6,6,5,4,8,5,9
598,4,2,9,5,6,1,5,3,5,4,1,3,9,7,3
620,4,2,2,6,5,4,4,4,0,3,2,2,8,9,1
608,5,3,8,1,5,1,7,8,1,5,3,5,4,9,4
612,5,3,4,5,3,3,4,3,5,5,6,1,9,5,2
587,6,2,5,7,2,0,2,4,2,4,3,3,6,6,2
603,6,1,6,2,4,3,3,4,1,3,3,2,5,5,7
604,3,1,5,2,5,0,5,1,5,4,2,4,5,6,8
602,3,1,3,8,6,1,3,5,4,8,3,1,10,7,4
586,5,4,5,4,7,2,9,6,3,4,5,2,10,11,10
600,8,2,2,6,6,2,7,5,3,6,4,4,8,9,5
4272,2820,3348,2948,2950,3024,2955,2956,2782,2364,2930,2687,2654,3142,3067,3390
610,8,3,12,7,8,5,10,5,6,5,7,3,10,12,7
620,8,6,10,7,7,7,8,6,5,9,9,3,13,10,7
625,5,4,6,6,8,2,5,7,4,6,3,4,5,4,5
1875,1215,1179,1226,1204,1211,1166,1194,1195,1187,1164,1186,3712,1207,1226,1235
616,3,4,3,4,3,4,4,2,3,3,6,1896,7,6,4
596,5,2,1,4,2,1,1,1,1,2,2,2246,3,4,4
622,3,6,2,6,3,3,4,3,3,3,2,1987,9,7,5
608,5,4,5,1,5,4,1,2,6,3,4,1986,5,5,6
613,5,5,4,5,3,2,3,4,5,4,4,2050,6,5,6
591,3,1,4,2,3,0,2,0,1,1,2,1990,4,5,2
604,6,4,4,6,3,2,3,4,3,6,6,1987,8,7,5
603,4,2,3,7,3,3,3,1,4,4,3,1872,5,4,6
601,4,3,0,2,4,1,1,4,3,2,2,1583,5,4,4
591,5,4,3,5,3,4,3,4,6,3,5,1975,5,8,6
597,4,1,1,4,5,2,3,2,3,3,3,1804,5,7,3
593,2,3,2,5,1,2,2,4,1,1,3,1779,2,2,3
609,4,6,7,5,7,5,5,4,8,7,7,2122,8,11,5
619,2,5,7,7,4,4,3,5,5,7,7,2067,9,7,4
623,5,2,1,4,2,1,4,6,3,6,4,2298,5,6,5
137627,137627,137627,137981,137627,27813714598003
77578,77578,77578,77717,77578,27813714598003
55173,55173,55173,55200,55173,27813714598003
30475,30475,30475,30476,30475,27813714598003
110278,110278,110278,110939,110278,27813714598003
51597,51597,51597,51674,51597,27813714598003
42716,42716,42716,42735,42716,27813714598003
33254,33254,33254,33258,33254,27813714598003
123361,123361,123361,124077,123361,27813714598003
50835,50835,50835,50936,50835,27813714598003
44965,44965,44965,45032,44965,27813714598003
34861,34861,34861,34888,34861,27813714598003
214472,214472,214472,215448,214472,27813714598003
108670,108670,108670,108770,108670,27813714598003
75161,75161,75161,75199,75161,27813714598003
39792,39792,39792,39804,39792,27813714598003
4705.322727
4166.039964
539.282763
5360.667099,3683.38208,3008.754845,nan,nan
729.019649,460.505709,380.606112,nan,nan
3.016024
4781.08999
4230.105056
550.984934
5152.770521,3926.673621,3008.754845,nan,nan
797.226585,428.654485,380.606112,nan,nan
0.511917
0.511917
freqmine
16
0,1,2,3,4,5,6,7,8,9,10,11,12,13,14,15
