735,315,268,244,467,546,762,331,255,1124,579,498,284,310,348,392
784,435,333,282,456,599,282,372,270,1322,706,535,347,345,300,389
623,276,250,212,480,562,268,346,247,1250,1306,502,281,255,271,330
603,305,336,199,450,591,292,275,214,980,719,565,388,215,288,395
875,361,402,290,457,852,343,337,278,1631,688,462,348,291,368,510
1281,634,988,810,1414,1995,1731,803,576,1062,1260,843,940,637,1158,753
816,310,461,372,456,943,339,424,283,1373,667,505,373,309,291,645
660,342,344,304,482,609,428,473,1114,1727,749,616,383,356,327,477
548,338,455,216,461,732,263,1217,298,1428,675,416,603,330,299,333
1141,830,1126,668,1204,961,908,1390,852,1350,697,895,703,811,654,1234
194,255,592,257,261,428,259,285,256,256,0,240,220,201,556,294
711,486,505,379,614,743,417,505,491,1270,653,750,445,382,422,516
580,277,349,338,443,760,293,409,905,890,632,457,424,308,285,427
633,412,284,229,404,592,263,377,273,1299,605,469,313,325,242,352
712,316,300,298,517,728,282,527,319,1004,1355,539,356,286,366,467
634,237,244,338,446,552,276,379,227,1549,710,500,323,262,255,506
1265,854,637,698,889,1719,661,703,541,659,49,594,663,758,769,842
374,226,256,173,311,596,309,218,397,228,76,323,207,241,320,200
387,520,200,354,306,942,489,269,436,564,189,384,361,272,586,274
380,215,311,148,267,781,338,243,282,293,67,263,284,246,263,287
565,398,369,403,327,1021,372,500,367,527,72,435,408,507,448,594
951,500,503,564,697,920,616,542,642,671,171,586,579,508,585,525
348,376,363,245,267,963,184,276,303,429,59,229,278,231,241,284
302,236,240,232,258,621,372,236,702,361,64,258,570,265,284,307
309,247,298,307,283,639,344,508,213,601,63,334,439,452,403,288
301,307,274,238,340,724,388,437,493,163,74,291,220,236,228,380
370,413,499,385,378,679,373,402,397,411,0,354,368,373,557,376
531,448,454,507,440,748,416,395,370,482,57,293,455,406,486,401
326,325,267,344,332,742,352,692,409,313,66,417,278,296,326,315
458,232,288,271,289,641,265,413,289,291,53,325,275,199,290,251
444,253,516,243,451,817,217,226,233,260,209,264,251,311,203,264
511,322,340,338,727,746,503,484,320,642,72,333,425,317,484,350
108235,108235,108235,110922,108235,26921641388800
120955,120955,120955,125312,120955,26921641388800
113370,113370,113370,116739,113370,26921641388800
71220,71220,71220,72697,71220,26921641388800
129949,129949,129949,134171,129949,26921641388800
194608,194608,194608,203299,194608,26921641388800
147385,147385,147385,151863,147385,26921641388800
113565,113565,113565,117177,113565,26921641388800
118834,118834,118834,122206,118834,26921641388800
168557,168557,168557,175136,168557,26921641388800
138983,138983,138983,142642,138983,26921641388800
120379,120379,120379,124311,120379,26921641388800
80558,80558,80558,82015,80558,26921641388800
109085,109085,109085,112617,109085,26921641388800
108640,108640,108640,111608,108640,26921641388800
82556,82556,82556,84472,82556,26921641388800
4293.784669
3590.606988
703.177681
3319.704125,3812.586997,2578.594375,nan,nan
723.370619,740.908895,425.554379,nan,nan
2.497076
4056.772876
3424.909037
631.863839
2966.513736,4290.800002,2578.594375,nan,nan
728.311813,677.952808,425.554379,nan,nan
0.825132
0.825132
streamcluster
16
0,1,2,3,4,5,6,7,8,9,11,12,13,14,15
