32500,32659,33633,31788,34126,29457,27916,30164,28315,28553,29688,28887,29445,30348,30565,31424
385,16,7,12,10,10,6,10,10,8,7,7,10,13,16,13
321,13,5,8,10,6,5,7,8,7,4,5,5,9,12,8
316,10,4,10,6,7,3,5,6,2,2,2,6,7,11,8
342,12,4,11,10,8,4,5,5,6,5,6,7,12,12,11
333,13,5,9,9,8,2,6,7,4,4,4,5,9,10,8
317,11,4,5,9,6,2,6,6,4,2,3,5,7,10,10
329,12,5,7,9,9,5,7,9,7,4,6,5,8,10,10
319,7,2,4,6,4,2,5,2,2,3,3,5,7,9,6
306,10,5,7,9,6,5,6,3,2,7,4,5,9,10,9
306,11,2,5,7,5,3,5,6,3,2,3,4,8,9,7
319,9,5,3,8,5,3,4,2,1,2,3,4,7,9,5
337,11,3,6,9,6,2,4,3,2,2,3,4,9,9,7
402,16,6,9,12,10,4,5,6,5,6,5,7,9,9,9
395,14,9,10,13,8,8,6,6,5,6,7,7,11,13,9
397,12,5,5,12,8,6,6,5,3,4,5,6,9,10,9
22555,745,618,609,669,647,615,646,624,593,590,621,655,788,774,768
22154,11,9,7,9,9,7,8,5,7,7,6,8,13,10,9
22746,6,4,3,4,4,3,4,2,4,2,4,3,6,8,5
21511,9,6,7,9,7,4,6,4,6,4,3,5,8,8,5
23098,7,6,4,7,6,6,6,4,6,4,5,6,9,9,8
19979,7,4,5,6,5,4,6,3,4,3,3,4,7,5,6
18928,5,4,2,4,2,2,4,2,4,2,2,2,4,6,5
20440,7,5,3,4,4,4,5,4,5,3,3,3,4,4,5
19202,7,6,4,5,5,4,6,2,3,4,2,3,5,5,5
19342,6,5,1,5,3,3,5,2,2,3,1,2,4,4,3
20099,6,4,2,5,4,2,4,3,5,2,2,2,5,5,4
19572,5,4,1,5,3,2,4,2,3,2,2,2,4,5,4
19964,7,4,4,6,4,4,4,3,4,3,3,3,6,5,5
20639,8,6,4,8,6,4,5,4,6,5,4,5,6,7,6
20771,9,8,7,9,7,7,7,6,7,6,6,6,7,9,8
21348,8,5,4,8,5,6,6,3,5,4,3,4,6,5,6
1786196,1786196,1786196,1790479,1786196,28208676344664
784331,784331,784331,785074,784331,28208676344664
523604,523604,523604,524013,523604,28208676344664
260273,260273,260273,260286,260273,28208676344664
886948,886948,886948,889280,886948,28208676344664
324272,324272,324272,324806,324272,28208676344664
263277,263277,263277,263635,263277,28208676344664
207992,207992,207992,208031,207992,28208676344664
584280,584280,584280,586259,584280,28208676344664
275889,275889,275889,276462,275889,28208676344664
218715,218715,218715,219243,218715,28208676344664
157514,157514,157514,157546,157514,28208676344664
300178,300178,300178,300767,300178,28208676344664
241760,241760,241760,242524,241760,28208676344664
179451,179451,179451,179912,179451,28208676344664
116561,116561,116561,116571,116561,28208676344664
5132.114488
4344.703373
787.411115
4885.875795,4249.649269,3011.177296,nan,nan
1008.364038,733.800435,336.852879,nan,nan
2.968885
4922.925528
4189.029693
733.895834
4327.22411,4618.024064,3011.177296,nan,nan
1019.226699,647.640493,336.852879,nan,nan
2.964692
2.964692
freqmine
16
0,1,2,3,4,5,6,7,8,9,10,11,12,13,14,15,16
