484,23,15,15,20,17,14,14,14,21,13,13,14,20,22,18
474,13,7,18,12,14,7,10,11,13,9,8,9,9,14,16
434,11,7,14,13,8,8,6,8,9,6,5,7,6,9,15
459,9,10,10,19,10,14,9,8,11,7,4,8,11,13,13
459,10,6,14,5,4,3,12,6,12,9,6,7,10,10,14
450,11,8,23,14,8,11,5,8,9,6,6,6,10,10,10
1237,845,800,769,809,693,728,773,827,802,742,706,818,794,761,752
436,22,14,18,25,18,18,20,22,23,12,11,14,17,19,26
439,10,4,13,8,11,4,8,10,10,9,6,9,8,7,12
409,11,7,15,13,11,14,10,7,10,5,6,10,11,12,8
1464,1041,1114,1089,1055,1066,1043,974,1040,992,1028,1036,1084,1055,976,951
449,19,21,28,47,23,20,23,17,19,16,13,46,20,87,58
440,13,6,16,7,15,7,13,7,15,6,12,6,8,7,10
448,12,10,9,8,6,7,9,10,8,6,4,6,7,14,11
443,18,14,15,12,22,9,13,12,25,12,13,10,16,10,13
428,14,9,11,10,13,10,12,9,17,6,15,9,11,11,13
1382,921,850,898,903,870,1376,833,854,795,1501,819,857,878,858,828
470,6,8,6,7,7,576,19,6,7,706,17,9,9,13,11
435,5,6,9,5,7,550,13,3,6,753,19,5,9,12,8
457,13,11,9,13,17,536,17,9,11,730,25,11,6,10,9
464,9,10,16,4,10,552,22,6,11,719,35,5,6,9,8
442,11,8,10,5,5,479,16,7,9,718,21,7,5,17,7
413,5,7,13,3,10,495,17,3,13,775,22,6,6,7,9
416,5,4,7,9,3,551,17,6,8,669,24,10,6,10,9
435,8,6,6,4,6,566,19,8,5,706,16,5,8,9,7
409,10,9,10,11,11,555,21,12,8,666,18,5,6,20,8
401,6,6,7,9,6,537,12,9,5,691,21,6,5,11,6
397,6,4,3,5,5,482,10,5,5,685,12,8,6,10,12
436,6,5,6,5,3,556,13,6,8,732,18,4,4,7,7
451,6,4,8,8,6,544,15,5,7,710,24,6,5,12,9
439,9,7,11,8,8,513,16,6,10,657,59,6,11,8,9
422,12,11,9,10,7,513,23,7,6,641,30,7,7,9,10
64495,64495,64495,65238,64495,33495348932225
45875,45875,45875,46139,45875,33495348932225
42208,42208,42208,42590,42208,33495348932225
19033,19033,19033,19066,19033,33495348932225
31461,31461,31461,31556,31461,33495348932225
30198,30198,30198,30350,30198,33495348932225
72351,72351,72351,74237,72351,33495348932225
21051,21051,21051,21191,21051,33495348932225
25208,25208,25208,25264,25208,33495348932225
28951,28951,28951,29084,28951,33495348932225
76782,76782,76782,78398,76782,33495348932225
18896,18896,18896,19004,18896,33495348932225
14054,14054,14054,14069,14054,33495348932225
17773,17773,17773,17856,17773,33495348932225
24072,24072,24072,24368,24072,33495348932225
11018,11018,11018,11027,11018,33495348932225
3657.581702
3149.536824
508.044878
2791.526328,3303.957973,2424.3391,nan,nan
812.305382,444.431907,396.847885,nan,nan
2.389105
3630.470353
3068.084216
562.386137
2669.956333,3497.164223,2424.3391,nan,nan
816.668694,440.203314,396.847885,nan,nan
0.234356
0.234356
raytrace
16
0,1,2,3,4,5,6,7,8,9,10,11,12,13,14,15
