4347,1137,1107,1119,1096,1114,1133,1120,1104,1139,1108,1092,1110,1058,1134,1138
4044,867,840,848,855,891,857,869,901,857,827,839,870,834,858,869
4153,973,966,965,950,946,971,990,1031,980,990,974,954,933,961,992
4285,1109,1089,1113,1110,1147,1095,1115,1103,1107,1085,1100,1119,1102,1112,1131
4142,1004,934,976,981,964,949,954,975,967,934,951,971,955,974,975
7575,4383,4391,4393,4386,4335,4377,4390,4407,4380,4364,4381,4377,4354,4356,4387
3736,659,650,647,622,606,595,619,605,638,616,618,638,635,655,665
3874,738,725,718,725,764,708,742,698,727,737,716,720,717,719,711
3155,37,36,36,35,39,37,28,35,38,34,27,30,41,36,34
3833,735,743,710,716,726,695,733,709,715,713,683,742,732,705,709
3771,638,622,625,635,659,642,648,628,615,594,608,633,601,635,657
3848,798,749,727,762,745,724,742,769,783,742,718,748,760,756,767
3925,764,791,796,766,810,762,761,774,780,766,759,777,764,757,802
4144,999,966,994,978,956,950,955,940,980,953,933,978,960,983,979
3861,689,679,689,707,673,643,689,700,713,699,653,673,688,659,700
4293,1138,1102,1080,1135,1105,1058,1095,1077,1122,1070,1064,1158,1100,1137,1150
10338,6915,6934,7086,6953,9227,6596,6765,6253,6710,6639,6664,6783,6950,6759,7034
3915,597,670,759,695,2932,449,511,33,511,440,551,529,686,478,782
3875,582,663,741,644,2945,450,506,30,518,440,517,547,673,472,767
3907,584,667,753,675,2940,444,497,32,491,431,509,547,679,475,740
3869,586,656,755,674,2941,425,499,29,495,440,522,528,672,489,766
3875,611,643,778,661,2907,455,524,34,501,449,509,557,650,462,756
3840,588,659,746,647,2933,408,488,34,479,478,496,524,651,443,726
3881,595,673,758,651,2938,422,508,25,504,445,510,533,653,472,750
3853,618,694,750,666,2948,417,480,32,488,433,525,530,638,480,740
3876,595,678,759,668,2932,439,517,34,498,428,542,542,676,495,778
3845,569,679,736,643,2922,424,512,32,492,410,509,527,653,492,741
3799,579,666,762,653,2931,424,491,24,472,418,490,516,634,448,731
3866,602,654,765,673,2932,437,500,26,516,437,521,538,673,467,787
3844,573,648,752,655,2914,445,494,34,507,414,521,526,657,474,760
3914,589,659,761,670,2915,448,500,31,503,444,524,523,672,458,765
3900,599,687,771,671,2941,457,496,29,495,457,535,554,674,484,777
541946,541946,541946,596743,541946,38009885701216
441807,441807,441807,460164,441807,38009885701216
347675,347675,347675,358285,347675,38009885701216
219488,219488,219488,223973,219488,38009885701216
316420,316420,316420,329938,316420,38009885701216
455700,455700,455700,468555,455700,38009885701216
305547,305547,305548,316236,305548,38009885701216
245999,245999,245999,254164,245999,38009885701216
226520,226520,226520,235586,226520,38009885701216
305083,305083,305083,314423,305083,38009885701216
250149,250149,250149,258295,250149,38009885701216
215041,215041,215041,221475,215041,38009885701216
164842,164842,164842,168372,164842,38009885701216
232509,232509,232509,238867,232509,38009885701216
204020,204020,204020,210150,204020,38009885701216
163069,163069,163069,166488,163069,38009885701216
4049.519819
3531.876651
517.643168
3731.001909,3554.149652,2649.334815,nan,nan
784.88886,439.365285,446.302276,nan,nan
2.615746
3998.478294
3430.92986
567.548434
3304.940554,3725.728762,2649.334815,nan,nan
809.550769,434.501766,446.302276,nan,nan
1.97067
1.97067
facesim
16
0,1,2,3,4,5,6,7,8,9,10,11,12,13,14,15
